{
  "generation": 1,
  "population_size": 11,
  "selected_indices": [
    10
  ],
  "text_prompt": "",
  "individuals": [
    {
      "index": 0,
      "expression": "warp(sin(_if(mdist(scalar(0.1768802288207021), scalar(-0.8822524662473532)), scalar(0.028312239617178214), pow(scalar(0.871028481161342), y))), pow(frac(y), _or(add(z, scalar(-0.3213947892100737)), _if(scalar(-0.719635405810451), scalar(0.7489719081411599), scalar(0.7119337849367455)))), z, _and(_if(scalar(-0.19791941490109477), scalar(-0.4695938836556961), _or(scalar(0.46101063483093196), z)), div(_or(scalar(-0.09060134996703573), mult(neg(_and(sqrt(x), warp(scalar(0.6784576925691963), _if(scalar(0.12793916386003823), scalar(0.5337961967124816), scalar(0.49585130391057164)), y, scalar(0.3546945737008176)))), mult(frac(z), max(tan(sub(y, z)), sin(abs(y)))))), scalar(-0.04642296578213023))))",
      "fitness": 0.00464408745098489,
      "depth": 9,
      "nodes": 57,
      "selected": false
    },
    {
      "index": 1,
      "expression": "mdist(cos(log(x)), sin(cos(warp(scalar(0.21794042287634463), scalar(0.07875806023925147), z, z))))",
      "fitness": 3.988604176163535e-05,
      "depth": 4,
      "nodes": 11,
      "selected": false
    },
    {
      "index": 2,
      "expression": "warp(sin(_if(mdist(scalar(0.1768802288207021), scalar(-0.8822524662473532)), scalar(0.028312239617178214), pow(scalar(0.871028481161342), y))), pow(frac(y), _or(add(z, scalar(-0.3213947892100737)), _if(scalar(-0.719635405810451), scalar(0.7489719081411599), scalar(0.595664713656193)))), z, _and(_if(scalar(-0.19791941490109477), scalar(-0.4695938836556961), _or(scalar(0.46101063483093196), z)), div(scalar(0.47147435757808687), scalar(-0.04642296578213023))))",
      "fitness": 0.001793526073390085,
      "depth": 4,
      "nodes": 32,
      "selected": false
    },
    {
      "index": 3,
      "expression": "warp(sin(_if(mdist(scalar(0.1768802288207021), scalar(-0.8822524662473532)), scalar(0.028312239617178214), pow(scalar(0.871028481161342), y))), pow(frac(y), _or(add(y, scalar(-0.3213947892100737)), _if(scalar(-0.719635405810451), scalar(0.7489719081411599), scalar(0.7119337849367455)))), z, _and(_if(scalar(-0.19791941490109477), scalar(-0.4695938836556961), _or(scalar(0.46101063483093196), z)), div(scalar(0.47147435757808687), scalar(-0.04642296578213023))))",
      "fitness": 0.008523814679812685,
      "depth": 4,
      "nodes": 32,
      "selected": false
    },
    {
      "index": 4,
      "expression": "mdist(cos(max(neg(scalar(0.44418412261982154)), log(x))), sin(min(log(_if(scalar(0.07172793076749961), exp(y), sin(cos(max(scalar(-0.9717032654878723), y))))), scalar(0.8881792295914812))))",
      "fitness": 0.0023949088399538997,
      "depth": 8,
      "nodes": 20,
      "selected": false
    },
    {
      "index": 5,
      "expression": "warp(sin(_if(mdist(scalar(0.1768802288207021), scalar(-0.8822524662473532)), scalar(0.028312239617178214), pow(scalar(0.871028481161342), y))), pow(frac(y), _or(add(z, scalar(-0.3213947892100737)), _if(scalar(-0.719635405810451), scalar(0.7489719081411599), scalar(0.7119337849367455)))), z, _and(div(_if(scalar(-0.19791941490109477), scalar(-0.4695938836556961), _or(scalar(0.46101063483093196), z)), y), div(scalar(0.47147435757808687), scalar(-0.04642296578213023))))",
      "fitness": 0.004673525796456867,
      "depth": 5,
      "nodes": 34,
      "selected": false
    },
    {
      "index": 6,
      "expression": "mdist(pow(abs(cos(y)), _if(add(scalar(-0.8424859034172678), x), sqrt(x), xor(scalar(-0.4698867421198818), y))), frac(sqrt(warp(y, y, y, scalar(0.21926182449026066)))))",
      "fitness": 1.0085114732334381,
      "depth": 4,
      "nodes": 21,
      "selected": false
    },
    {
      "index": 7,
      "expression": "mdist(pow(abs(cos(y)), _if(add(z, x), sqrt(x), xor(scalar(-0.4698867421198818), y))), frac(sqrt(frac(y))))",
      "fitness": 0.008588429769392248,
      "depth": 4,
      "nodes": 18,
      "selected": false
    },
    {
      "index": 8,
      "expression": "mdist(pow(abs(cos(y)), _if(add(scalar(-0.8424859034172678), x), sqrt(x), xor(scalar(-0.4698867421198818), y))), frac(sqrt(frac(y))))",
      "fitness": 1.0025511408480705,
      "depth": 4,
      "nodes": 18,
      "selected": false
    },
    {
      "index": 9,
      "expression": "warp(sqrt(scalar(-0.44361858353867456)), abs(x), neg(scalar(0.9144261444135624)), scalar(-0.2820412390307432))",
      "fitness": 0.0015127660535115418,
      "depth": 2,
      "nodes": 8,
      "selected": false
    },
    {
      "index": 10,
      "expression": "_or(mdist(_and(tan(scalar(-0.4992641951759922)), sqrt(frac(x))), min(_and(_if(scalar(0.667489909279614), z, z), sin(scalar(-0.4012424956000442))), xor(cos(x), log(scalar(0.10644728176963181))))), log(max(tan(frac(x)), xor(warp(z, scalar(0.6922074265897109), scalar(-0.44663955205549666), scalar(0.27422675460275925)), log(scalar(0.4113348935199814))))))",
      "fitness": 0.00199243178973988,
      "depth": 5,
      "nodes": 34,
      "selected": true
    }
  ]
}