{
  "generation": 1,
  "population_size": 11,
  "selected_indices": [
    2,
    9
  ],
  "text_prompt": "red rose flower",
  "individuals": [
    {
      "index": 0,
      "expression": "y",
      "fitness": 0.008921409926415087,
      "depth": 0,
      "nodes": 1,
      "selected": false
    },
    {
      "index": 1,
      "expression": "log(pow(max(max(z, z), sin(z)), sub(_or(scalar(-0.43474797040527147), frac(y)), xor(x, y))))",
      "fitness": 0.007932700897538995,
      "depth": 5,
      "nodes": 16,
      "selected": false
    },
    {
      "index": 2,
      "expression": "_or(warp(add(_if(y, cos(mult(mult(scalar(-0.8900781343489454), x), sqrt(x))), neg(sin(min(z, y)))), _or(_if(abs(div(x, scalar(0.23149039067115962))), cos(sqrt(scalar(-0.1252199604025619))), scalar(-0.05356211890225682)), min(xor(tan(scalar(-0.30378253216426665)), warp(scalar(-0.4339698328177064), x, scalar(0.6755675022784686), scalar(0.998368688441905))), xor(z, neg(scalar(-0.6748088357789392)))))), z, xor(scalar(0.9367504305635319), _if(min(x, sqrt(scalar(0.0003997661603378777))), warp(sin(sin(y)), div(scalar(-0.8944074813471381), exp(y)), tan(warp(scalar(0.9815672953104411), x, scalar(0.9549134396157402), z)), _or(frac(scalar(-0.5612690545139691)), add(z, y))), abs(sqrt(log(x))))), _or(tan(xor(sqrt(scalar(-0.2767123070385984)), x)), warp(mult(z, _and(mult(scalar(0.4227134391086296), z), div(scalar(-0.6522050439044571), scalar(0.4440822870741321)))), scalar(0.8329046726960234), log(xor(x, cos(scalar(-0.35496697418372625)))), mult(y, sin(mult(x, scalar(-0.9631196507130635))))))), y)",
      "fitness": 0.01164768932744541,
      "depth": 7,
      "nodes": 101,
      "selected": true
    },
    {
      "index": 3,
      "expression": "_if(frac(add(neg(add(scalar(-0.5009966094379807), scalar(-0.8650668259658707))), add(abs(scalar(0.87193058665273)), exp(x)))), mult(sub(add(_if(scalar(-0.31159798892641066), z, y), mdist(scalar(0.10300665745094317), x)), log(mult(z, scalar(-0.8130926987405347)))), xor(mdist(cos(scalar(0.8961884845426151)), sin(y)), pow(sin(mdist(y, scalar(-0.3178979268804727))), log(y)))), warp(abs(sqrt(div(y, scalar(-0.8082561127336336)))), warp(_if(sin(z), add(x, x), log(scalar(0.583167162540666))), tan(min(scalar(0.05237988756116918), scalar(-0.1825471645558514))), cos(sin(x)), cos(cos(scalar(-0.7895513889587875)))), abs(sin(xor(scalar(0.2835175153613494), scalar(0.9262333096584754)))), neg(neg(sin(scalar(0.762874087959772))))))",
      "fitness": 0.011882091409791741,
      "depth": 6,
      "nodes": 73,
      "selected": false
    },
    {
      "index": 4,
      "expression": "_or(x, y)",
      "fitness": 0.0027094466719351767,
      "depth": 1,
      "nodes": 3,
      "selected": false
    },
    {
      "index": 5,
      "expression": "add(log(sin(abs(pow(warp(scalar(0.8499063131540869), tan(scalar(0.8353452862795891)), frac(scalar(0.5576296841884689)), scalar(0.6736452582740016)), y)))), y)",
      "fitness": 0.0021048854524501137,
      "depth": 7,
      "nodes": 14,
      "selected": false
    },
    {
      "index": 6,
      "expression": "scalar(-0.49167544958337994)",
      "fitness": 0.0020297948334906763,
      "depth": 0,
      "nodes": 1,
      "selected": false
    },
    {
      "index": 7,
      "expression": "_if(frac(add(neg(add(scalar(-0.5009966094379807), scalar(-0.8650668259658707))), add(abs(scalar(0.87193058665273)), exp(x)))), mult(sub(add(_if(scalar(-0.31159798892641066), z, y), mdist(add(_or(div(tan(max(warp(scalar(0.6280694443291013), scalar(-0.4545295670089624), scalar(0.620355485698745), z), min(scalar(0.4862347274423149), scalar(0.504619151614137)))), div(sqrt(div(y, z)), xor(_and(x, x), scalar(0.7802013135828518)))), max(xor(sqrt(x), _if(_and(z, scalar(0.31355549450890097)), mdist(scalar(0.12050051010905838), z), xor(x, y))), z)), log(cos(z))), x)), log(mult(z, scalar(-0.8130926987405347)))), xor(mdist(cos(scalar(0.8961884845426151)), sin(y)), pow(sin(scalar(-0.3178979268804727)), log(y)))), warp(abs(sqrt(div(y, scalar(-0.8082561127336336)))), warp(_if(sin(z), add(x, x), log(scalar(0.583167162540666))), tan(min(scalar(0.05237988756116918), scalar(-0.1825471645558514))), cos(sin(x)), cos(cos(scalar(-0.7895513889587875)))), abs(sin(xor(scalar(0.2835175153613494), scalar(0.9262333096584754)))), neg(neg(sin(scalar(0.762874087959772))))))",
      "fitness": 1.009477795375955,
      "depth": 11,
      "nodes": 111,
      "selected": false
    },
    {
      "index": 8,
      "expression": "warp(mult(frac(cos(abs(tan(x)))), pow(max(min(_or(scalar(-0.03159689119005593), z), neg(z)), max(mult(scalar(-0.48118931727765357), scalar(0.8371604544566704)), sub(z, _and(neg(x), xor(z, y))))), div(neg(_and(z, z)), add(div(y, scalar(0.36219801499567406)), _or(scalar(-0.6879637160764152), y))))), cos(mdist(sin(_if(sin(scalar(-0.07811807174405616)), _if(scalar(0.5656314755132452), x, scalar(0.619463631438675)), mult(x, scalar(-0.45209971957035844)))), log(neg(warp(scalar(-0.3385449988654321), z, scalar(0.45157847143707985), x))))), mult(xor(mult(warp(abs(scalar(0.8134264481547613)), _or(x, scalar(0.45892726733189093)), tan(scalar(0.9451776906916107)), mult(x, scalar(0.16044538008413345))), pow(tan(scalar(-0.13120403167521633)), log(x))), _or(frac(_and(scalar(0.06633242722140986), x)), sub(pow(y, scalar(-0.07935863692271994)), _and(y, scalar(0.5687519609589766))))), mult(log(xor(warp(z, scalar(-0.23667316150224615), scalar(-0.9791995244822678), x), min(scalar(0.12861252490878816), scalar(-0.0034441553195529995)))), div(pow(sqrt(y), _and(scalar(-0.33258587649005267), y)), warp(warp(scalar(-0.8141024036935054), y, x, z), _and(scalar(-0.0849235719248218), scalar(0.9155092852102649)), cos(y), min(scalar(-0.33057298574775174), scalar(0.7388112886546128)))))), _or(div(_or(warp(frac(y), exp(scalar(-0.620907593483816)), xor(x, scalar(-0.5336558331752479)), sqrt(y)), mdist(log(z), sin(z))), mdist(mult(warp(z, scalar(0.3413158665995162), scalar(-0.6504515520047849), y), _or(scalar(-0.6270998222398871), x)), abs(cos(scalar(0.8352886420250483))))), warp(neg(abs(sqrt(scalar(0.1892900525020227)))), sqrt(max(pow(x, scalar(-0.0030972198390155636)), div(y, scalar(-0.49964754150597046)))), mdist(frac(_if(z, y, z)), tan(add(x, y))), _or(log(div(scalar(-0.767170334785555), z)), tan(mult(scalar(0.5331500988273825), scalar(0.0892624085789766)))))))",
      "fitness": 1.0077225033895554,
      "depth": 8,
      "nodes": 185,
      "selected": false
    },
    {
      "index": 9,
      "expression": "log(pow(max(z, sin(z)), sub(neg(scalar(0.023783316710564995)), xor(x, y))))",
      "fitness": 0.003951566499786659,
      "depth": 4,
      "nodes": 12,
      "selected": true
    },
    {
      "index": 10,
      "expression": "y",
      "fitness": 0.0006448903054800642,
      "depth": 0,
      "nodes": 1,
      "selected": false
    }
  ]
}