{
  "generation": 11,
  "population_size": 8,
  "selected_indices": [
    1,
    3,
    4,
    5,
    6
  ],
  "text_prompt": "blue landscape",
  "individuals": [
    {
      "index": 0,
      "expression": "_if(sub(cos(x), abs(sub(warp(z, x, x, scalar(0.18099099658841689)), mdist(sin(sub(div(_or(sqrt(z), sqrt(scalar(0.9822759224672002))), frac(sin(scalar(-0.7472664926215162)))), abs(sin(exp(exp(cos(scalar(-0.8743621284816505)))))))), mdist(mdist(sin(sin(scalar(0.5694133539134927))), _or(pow(min(y, x), add(scalar(0.1512080260082984), x)), mdist(warp(scalar(0.19652283161513395), scalar(-0.9418553538865597), scalar(-0.7331848903476259), scalar(0.8783914406293662)), cos(z)))), cos(_and(sin(_and(x, sqrt(x))), neg(scalar(0.42055682551044504))))))))), mult(xor(scalar(-0.9419184248502641), scalar(-0.008375517236298702)), _if(scalar(0.5218954750836411), warp(z, x, x, scalar(0.18099099658841689)), scalar(0.8443771249397749))), cos(exp(z)))",
      "fitness": 1.002168309742897,
      "depth": 12,
      "nodes": 74,
      "selected": false
    },
    {
      "index": 1,
      "expression": "_if(sub(cos(x), abs(sub(scalar(0.7397728558447245), mdist(sin(sub(div(_or(sqrt(z), sqrt(scalar(0.9822759224672002))), frac(sin(scalar(-0.7472664926215162)))), abs(exp(exp(cos(scalar(-0.8743621284816505))))))), mdist(mdist(sin(sin(scalar(0.5694133539134927))), _or(pow(min(y, x), add(scalar(0.1512080260082984), x)), mdist(warp(scalar(0.19652283161513395), scalar(-0.9418553538865597), scalar(-0.7331848903476259), scalar(0.8783914406293662)), cos(z)))), cos(_and(sin(_and(x, sqrt(x))), neg(scalar(0.42055682551044504))))))))), mult(xor(scalar(-0.9419184248502641), scalar(-0.008375517236298702)), _if(scalar(0.5218954750836411), warp(z, x, x, scalar(0.18099099658841689)), scalar(0.8443771249397749))), cos(exp(z)))",
      "fitness": 1.0071494249951578,
      "depth": 11,
      "nodes": 69,
      "selected": true
    },
    {
      "index": 2,
      "expression": "_if(sub(cos(x), abs(scalar(0.8782983255570211))), mult(xor(scalar(-0.9419184248502641), scalar(-0.008375517236298702)), _if(scalar(0.5218954750836411), warp(z, x, x, scalar(0.18099099658841689)), scalar(0.8443771249397749))), log(cos(exp(z))))",
      "fitness": 0.0007433398426256073,
      "depth": 4,
      "nodes": 22,
      "selected": false
    },
    {
      "index": 3,
      "expression": "_if(sub(cos(x), abs(sub(scalar(0.7397728558447245), mdist(sin(sub(div(_or(sqrt(z), sqrt(scalar(0.9822759224672002))), frac(sin(scalar(-0.7472664926215162)))), abs(sin(exp(exp(cos(scalar(-0.8743621284816505)))))))), mdist(mdist(sin(sin(scalar(0.5694133539134927))), _or(pow(min(y, x), add(scalar(0.1512080260082984), x)), mdist(warp(scalar(0.19652283161513395), scalar(-0.9418553538865597), scalar(-0.7331848903476259), scalar(0.8783914406293662)), cos(z)))), cos(sin(_and(x, sqrt(x))))))))), mult(xor(scalar(-0.9419184248502641), scalar(-0.008375517236298702)), _if(scalar(0.5218954750836411), warp(z, x, x, scalar(0.18099099658841689)), scalar(0.8443771249397749))), cos(exp(z)))",
      "fitness": 1.0049391891013253,
      "depth": 12,
      "nodes": 67,
      "selected": true
    },
    {
      "index": 4,
      "expression": "_if(sub(cos(x), abs(sub(scalar(0.7397728558447245), mdist(sin(sub(div(_or(sqrt(z), sqrt(scalar(0.9822759224672002))), frac(sin(scalar(-0.7472664926215162)))), abs(sin(exp(exp(cos(scalar(-0.8743621284816505)))))))), mdist(mdist(sin(_if(scalar(0.5694133539134927), scalar(0.6327213439357371), x)), _or(pow(min(y, x), add(scalar(0.1512080260082984), x)), mdist(warp(scalar(0.19652283161513395), scalar(-0.9418553538865597), scalar(-0.7331848903476259), scalar(0.8783914406293662)), cos(z)))), cos(_and(sin(_and(x, sqrt(x))), neg(scalar(0.42055682551044504))))))))), mult(xor(scalar(-0.9419184248502641), scalar(-0.008375517236298702)), _if(scalar(0.5218954750836411), warp(z, x, x, scalar(0.18099099658841689)), scalar(0.8443771249397749))), cos(exp(z)))",
      "fitness": 1.0013709148484362,
      "depth": 12,
      "nodes": 72,
      "selected": true
    },
    {
      "index": 5,
      "expression": "_if(sub(cos(x), abs(sub(scalar(0.7397728558447245), mdist(sin(sub(div(_or(sqrt(z), sqrt(scalar(0.9822759224672002))), frac(sin(scalar(-0.7472664926215162)))), abs(sin(exp(exp(cos(scalar(-0.8743621284816505)))))))), mdist(mdist(sin(sin(scalar(0.5694133539134927))), _or(pow(min(y, x), add(scalar(0.1512080260082984), x)), mdist(warp(scalar(0.19652283161513395), scalar(-0.9418553538865597), scalar(-0.7331848903476259), scalar(0.8783914406293662)), cos(z)))), cos(_and(sin(_and(x, sqrt(x))), neg(scalar(0.42055682551044504))))))))), mult(xor(scalar(-0.9419184248502641), scalar(-0.008375517236298702)), _if(scalar(0.5218954750836411), warp(z, x, x, scalar(0.18099099658841689)), scalar(0.8443771249397749))), cos(exp(z)))",
      "fitness": 0.008359680715393177,
      "depth": 12,
      "nodes": 70,
      "selected": true
    },
    {
      "index": 6,
      "expression": "_if(sub(cos(x), abs(sub(scalar(0.7397728558447245), mdist(sin(sub(div(_or(sqrt(z), sqrt(scalar(0.9822759224672002))), frac(sin(scalar(-0.7472664926215162)))), abs(sin(exp(exp(cos(scalar(-0.8743621284816505)))))))), mdist(mdist(sin(sin(scalar(0.5694133539134927))), _or(pow(min(y, x), add(scalar(0.1512080260082984), x)), mdist(warp(scalar(0.19652283161513395), scalar(-0.9418553538865597), scalar(-0.7331848903476259), scalar(0.8783914406293662)), cos(z)))), cos(_and(sin(_and(x, sqrt(x))), neg(scalar(0.42055682551044504))))))))), sub(xor(scalar(-0.9419184248502641), scalar(-0.008375517236298702)), _if(scalar(0.5218954750836411), warp(z, x, x, scalar(0.18099099658841689)), scalar(0.8443771249397749))), cos(exp(z)))",
      "fitness": 0.010114941647340961,
      "depth": 12,
      "nodes": 70,
      "selected": true
    },
    {
      "index": 7,
      "expression": "_if(sub(cos(x), abs(scalar(0.8782983255570211))), mult(sqrt(x), _if(scalar(0.5218954750836411), warp(z, x, x, scalar(0.18099099658841689)), scalar(0.8443771249397749))), cos(exp(z)))",
      "fitness": 1.0036293822619218,
      "depth": 4,
      "nodes": 20,
      "selected": false
    }
  ]
}