{
  "generation": 20,
  "population_size": 8,
  "selected_indices": [
    0,
    1
  ],
  "text_prompt": "blue landscape",
  "individuals": [
    {
      "index": 0,
      "expression": "_if(sub(cos(x), abs(sub(scalar(0.7397728558447245), mdist(sin(sub(div(_or(sqrt(z), sqrt(scalar(0.9822759224672002))), frac(sin(scalar(-0.7472664926215162)))), abs(sin(exp(exp(cos(scalar(-0.8743621284816505)))))))), mdist(sin(sin(scalar(0.5694133539134927))), cos(_and(sin(_and(x, sqrt(x))), neg(scalar(0.42055682551044504))))))))), mult(xor(scalar(-0.9419184248502641), scalar(-0.008375517236298702)), _if(scalar(0.5218954750836411), warp(z, x, x, scalar(0.18099099658841689)), scalar(0.8443771249397749))), cos(exp(z)))",
      "fitness": 1.0099971300381447,
      "depth": 12,
      "nodes": 53,
      "selected": true
    },
    {
      "index": 1,
      "expression": "_if(sub(cos(x), abs(sub(scalar(0.7397728558447245), mdist(sin(sub(div(_or(sqrt(z), sqrt(scalar(0.9822759224672002))), frac(sin(scalar(-0.7472664926215162)))), abs(sin(exp(exp(cos(scalar(-0.8743621284816505)))))))), mdist(mdist(sin(sin(scalar(0.5694133539134927))), _or(pow(min(y, x), add(scalar(0.1512080260082984), x)), mdist(warp(cos(mdist(warp(_and(_or(neg(scalar(0.49083392971502726)), exp(scalar(0.9244346820068112))), _and(mdist(x, scalar(0.6825643274958015)), z)), warp(frac(div(y, scalar(-0.9318254212703765))), scalar(0.8193336635263098), sub(tan(y), _and(x, z)), exp(scalar(-0.6115187299206228))), sqrt(xor(mult(z, scalar(0.4532509704545715)), xor(z, z))), scalar(0.8613754496839656)), y)), scalar(-0.9418553538865597), scalar(-0.7331848903476259), scalar(0.8783914406293662)), cos(z)))), cos(_and(sin(_and(x, sqrt(x))), neg(scalar(0.42055682551044504))))))))), mult(xor(scalar(-0.9419184248502641), scalar(-0.008375517236298702)), _if(scalar(0.5218954750836411), warp(z, x, x, scalar(0.18099099658841689)), scalar(0.8443771249397749))), cos(exp(z)))",
      "fitness": 1.0075769673416848,
      "depth": 16,
      "nodes": 107,
      "selected": true
    },
    {
      "index": 2,
      "expression": "_if(sub(cos(x), abs(sub(scalar(0.7397728558447245), mdist(sin(sub(div(_or(sqrt(z), sqrt(scalar(0.9822759224672002))), frac(sin(scalar(-0.7472664926215162)))), abs(sin(exp(exp(cos(scalar(-0.8743621284816505)))))))), mdist(mdist(sin(sin(scalar(0.5694133539134927))), _or(pow(min(y, x), add(scalar(0.1512080260082984), x)), mdist(warp(warp(mdist(warp(_and(_or(neg(scalar(0.49083392971502726)), exp(scalar(0.9244346820068112))), _and(mdist(x, scalar(0.6825643274958015)), scalar(-0.533709341906472))), warp(frac(div(y, scalar(-0.9318254212703765))), scalar(0.8193336635263098), sub(tan(y), _and(x, z)), exp(scalar(-0.6115187299206228))), sqrt(xor(mult(z, scalar(0.4532509704545715)), xor(z, z))), scalar(0.8613754496839656)), y), scalar(-0.08294202995569111), y, y), scalar(-0.9418553538865597), scalar(-0.7331848903476259), scalar(0.8783914406293662)), cos(z)))), cos(_and(sin(_and(x, sqrt(x))), neg(scalar(0.42055682551044504))))))))), mult(xor(scalar(-0.9419184248502641), scalar(-0.008375517236298702)), _if(scalar(0.5218954750836411), warp(z, x, x, scalar(0.18099099658841689)), scalar(0.8443771249397749))), cos(exp(z)))",
      "fitness": 0.00761188340955802,
      "depth": 16,
      "nodes": 110,
      "selected": false
    },
    {
      "index": 3,
      "expression": "_if(sub(cos(x), abs(sub(scalar(0.7397728558447245), mdist(sin(sub(div(_or(sqrt(z), sqrt(scalar(0.9822759224672002))), frac(sin(scalar(-0.7472664926215162)))), abs(sin(exp(exp(cos(scalar(-0.8743621284816505)))))))), mdist(mdist(sin(sin(scalar(0.5694133539134927))), _or(pow(min(y, x), add(scalar(0.1512080260082984), x)), mdist(warp(scalar(0.19652283161513395), scalar(-0.9418553538865597), scalar(-0.7331848903476259), scalar(0.8783914406293662)), cos(z)))), cos(_and(sin(_and(x, sqrt(x))), neg(scalar(0.42055682551044504))))))))), mult(xor(scalar(-0.9419184248502641), scalar(-0.008375517236298702)), _if(scalar(0.5218954750836411), warp(z, x, x, scalar(0.18099099658841689)), scalar(0.8443771249397749))), cos(exp(z)))",
      "fitness": 0.011078063370621467,
      "depth": 12,
      "nodes": 70,
      "selected": false
    },
    {
      "index": 4,
      "expression": "_if(sub(cos(x), abs(sub(scalar(0.7397728558447245), mdist(sin(sub(div(_or(sqrt(z), sqrt(scalar(0.9822759224672002))), frac(sqrt(sin(scalar(-0.7472664926215162))))), abs(sin(exp(exp(cos(scalar(-0.8743621284816505)))))))), mdist(mdist(sin(sin(scalar(0.5694133539134927))), _or(pow(min(y, x), add(scalar(0.1512080260082984), x)), mdist(warp(cos(mdist(warp(_and(_or(neg(scalar(0.49083392971502726)), exp(scalar(0.9244346820068112))), _and(mdist(x, scalar(0.6825643274958015)), scalar(-0.533709341906472))), warp(frac(div(y, scalar(-0.9318254212703765))), scalar(0.8193336635263098), sub(tan(y), _and(x, z)), exp(scalar(-0.6115187299206228))), sqrt(xor(mult(z, scalar(0.4532509704545715)), xor(z, z))), scalar(0.8613754496839656)), y)), scalar(-0.9418553538865597), scalar(-0.7331848903476259), scalar(0.8783914406293662)), cos(z)))), cos(_and(sin(_and(x, sqrt(x))), neg(scalar(0.42055682551044504))))))))), mult(xor(scalar(-0.9419184248502641), scalar(-0.008375517236298702)), _if(scalar(0.5218954750836411), warp(z, x, x, scalar(0.18099099658841689)), scalar(0.8443771249397749))), cos(exp(z)))",
      "fitness": 0.009240479160248078,
      "depth": 16,
      "nodes": 108,
      "selected": false
    },
    {
      "index": 5,
      "expression": "add(sub(cos(x), abs(sub(scalar(0.7397728558447245), mdist(sin(sub(div(_or(sqrt(z), sqrt(scalar(0.9822759224672002))), frac(sin(scalar(-0.7472664926215162)))), abs(sin(exp(exp(cos(scalar(-0.8743621284816505)))))))), mdist(mdist(sin(sin(scalar(0.5694133539134927))), _or(pow(min(y, x), add(scalar(0.1512080260082984), x)), mdist(warp(cos(mdist(warp(_and(_or(neg(scalar(0.49083392971502726)), exp(scalar(0.9244346820068112))), _and(mdist(x, scalar(0.6825643274958015)), scalar(-0.533709341906472))), warp(frac(div(y, scalar(-0.9318254212703765))), scalar(0.8193336635263098), sub(tan(y), _and(x, z)), exp(scalar(-0.6115187299206228))), sqrt(xor(mult(z, scalar(0.4532509704545715)), xor(z, z))), scalar(0.8613754496839656)), y)), scalar(-0.9418553538865597), scalar(-0.7331848903476259), scalar(0.8783914406293662)), cos(z)))), cos(_and(sin(_and(x, sqrt(x))), neg(scalar(0.42055682551044504))))))))), mult(xor(scalar(-0.9419184248502641), scalar(-0.008375517236298702)), _if(scalar(0.5218954750836411), warp(z, x, x, scalar(0.18099099658841689)), scalar(0.8443771249397749))))",
      "fitness": 0.0026497822362118997,
      "depth": 16,
      "nodes": 104,
      "selected": false
    },
    {
      "index": 6,
      "expression": "_if(sub(cos(x), abs(sub(scalar(0.7397728558447245), mdist(sin(sub(div(_or(sqrt(z), sqrt(scalar(0.9822759224672002))), frac(sin(z))), abs(sin(exp(exp(cos(scalar(-0.8743621284816505)))))))), mdist(mdist(sin(sin(scalar(0.5694133539134927))), _or(pow(min(y, x), add(scalar(0.1512080260082984), x)), mdist(warp(scalar(0.19652283161513395), scalar(-0.9418553538865597), scalar(-0.7331848903476259), scalar(0.8783914406293662)), cos(z)))), cos(_and(sin(_and(x, sqrt(x))), neg(scalar(0.42055682551044504))))))))), mult(xor(scalar(-0.9419184248502641), scalar(-0.008375517236298702)), _if(scalar(0.5218954750836411), warp(z, x, x, scalar(0.18099099658841689)), scalar(0.8443771249397749))), cos(exp(z)))",
      "fitness": 0.00595223866629393,
      "depth": 12,
      "nodes": 70,
      "selected": false
    },
    {
      "index": 7,