{
  "generation": 17,
  "population_size": 11,
  "selected_indices": [
    4,
    8,
    1
  ],
  "text_prompt": "ble landscape",
  "individuals": [
    {
      "index": 0,
      "expression": "frac(xor(warp(neg(_or(_if(_and(z, x), tan(scalar(0.02217751637666754)), pow(y, z)), _or(x, scalar(0.1917392933352129)))), sqrt(warp(_or(scalar(-0.7145467385073756), y), abs(pow(tan(x), scalar(0.3319097988016504))), z, add(neg(y), scalar(0.9082461338847103)))), max(log(tan(cos(scalar(-0.04074073537654943)))), _and(add(_and(x, scalar(0.7504485134647318)), warp(z, y, scalar(0.6002075360621197), z)), scalar(-0.30187264979313166))), sin(scalar(-0.3790691602788101))), scalar(0.2643680935602588)))",
      "fitness": 0.0032090431678046573,
      "depth": 8,
      "nodes": 51,
      "selected": false
    },
    {
      "index": 1,
      "expression": "frac(div(scalar(-0.7596336090014264), xor(warp(neg(_or(_if(_and(z, x), tan(scalar(0.02217751637666754)), pow(y, z)), _or(x, scalar(0.1917392933352129)))), sqrt(warp(_or(scalar(-0.7145467385073756), y), abs(pow(tan(x), scalar(0.3319097988016504))), z, add(neg(y), scalar(0.9082461338847103)))), max(log(tan(cos(scalar(-0.04074073537654943)))), _and(add(_and(x, scalar(0.7504485134647318)), mult(z, x)), scalar(-0.30187264979313166))), sin(scalar(-0.3790691602788101))), scalar(0.2643680935602588))))",
      "fitness": 0.0075410634797690584,
      "depth": 9,
      "nodes": 51,
      "selected": true
    },
    {
      "index": 2,
      "expression": "frac(xor(warp(neg(_or(_if(_and(z, x), tan(scalar(0.02217751637666754)), pow(y, z)), _or(x, scalar(0.1917392933352129)))), sqrt(warp(_or(scalar(-0.7145467385073756), y), abs(pow(tan(x), scalar(0.3319097988016504))), z, add(y, scalar(0.9082461338847103)))), max(log(tan(cos(scalar(-0.04074073537654943)))), _and(add(_and(x, scalar(0.7504485134647318)), warp(z, x, scalar(0.6002075360621197), z)), scalar(-0.30187264979313166))), sin(scalar(-0.3790691602788101))), scalar(0.2643680935602588)))",
      "fitness": 1.008350848995022,
      "depth": 8,
      "nodes": 50,
      "selected": false
    },
    {
      "index": 3,
      "expression": "frac(div(scalar(-0.7596336090014264), xor(warp(neg(_or(_if(_and(z, x), tan(scalar(0.02217751637666754)), pow(y, z)), _or(x, scalar(0.1917392933352129)))), sqrt(warp(_or(scalar(-0.7145467385073756), y), abs(pow(tan(x), scalar(0.3319097988016504))), z, add(neg(y), scalar(0.9082461338847103)))), max(log(tan(cos(scalar(-0.04074073537654943)))), _and(warp(z, x, scalar(0.6002075360621197), z), scalar(-0.30187264979313166))), sin(scalar(-0.3790691602788101))), scalar(0.2643680935602588))))",
      "fitness": 1.001974587893347,
      "depth": 9,
      "nodes": 49,
      "selected": false
    },
    {
      "index": 4,
      "expression": "xor(warp(_or(_if(_and(frac(z), x), tan(scalar(0.02217751637666754)), pow(y, x)), _or(x, scalar(0.1917392933352129))), sqrt(warp(_or(scalar(-0.7145467385073756), y), abs(pow(tan(scalar(-0.024486888108515403)), scalar(0.3319097988016504))), z, add(neg(y), scalar(0.9082461338847103)))), max(log(scalar(0.49720363289477243)), _and(add(_and(x, scalar(0.7504485134647318)), warp(z, x, scalar(0.6002075360621197), z)), scalar(-0.30187264979313166))), sin(scalar(-0.3790691602788101))), scalar(0.2643680935602588))",
      "fitness": 1.003720330449499,
      "depth": 7,
      "nodes": 48,
      "selected": true
    },
    {
      "index": 5,
      "expression": "frac(xor(warp(neg(_or(_if(_and(z, x), tan(scalar(0.02217751637666754)), pow(y, z)), _or(x, scalar(0.1917392933352129)))), sqrt(warp(_or(scalar(-0.7145467385073756), y), abs(pow(tan(x), scalar(0.3319097988016504))), z, add(neg(y), scalar(0.9082461338847103)))), max(log(tan(cos(scalar(-0.04074073537654943)))), _and(add(_and(x, scalar(0.7504485134647318)), warp(z, x, scalar(0.6002075360621197), z)), scalar(-0.30187264979313166))), _if(scalar(-0.8784133040918372), z, x)), scalar(0.2643680935602588)))",
      "fitness": 0.010152399251508806,
      "depth": 8,
      "nodes": 53,
      "selected": false
    },
    {
      "index": 6,
      "expression": "frac(div(scalar(-0.7596336090014264), xor(warp(neg(_or(_if(_and(z, x), tan(scalar(0.02217751637666754)), pow(y, z)), _or(x, scalar(0.1917392933352129)))), sqrt(warp(_or(scalar(-0.7145467385073756), y), abs(pow(tan(x), scalar(0.3319097988016504))), z, add(neg(y), scalar(0.9082461338847103)))), max(log(tan(cos(scalar(-0.04074073537654943)))), _and(add(_and(x, scalar(0.7504485134647318)), warp(z, x, scalar(0.6002075360621197), z)), scalar(-0.30187264979313166))), sin(scalar(-0.3790691602788101))), scalar(0.2643680935602588))))",
      "fitness": 1.0102586921759988,
      "depth": 9,
      "nodes": 53,
      "selected": false
    },
    {
      "index": 7,
      "expression": "xor(warp(_or(_if(_and(z, x), tan(scalar(0.02217751637666754)), pow(y, x)), _or(x, scalar(0.1917392933352129))), sqrt(warp(_or(scalar(-0.7145467385073756), y), abs(pow(tan(x), scalar(0.3319097988016504))), z, add(neg(y), scalar(0.9082461338847103)))), max(log(scalar(0.49720363289477243)), _and(add(_and(x, scalar(0.7504485134647318)), warp(x, x, scalar(0.6002075360621197), z)), scalar(-0.30187264979313166))), sin(scalar(-0.3790691602788101))), scalar(0.2643680935602588))",
      "fitness": 0.007838434396352787,
      "depth": 7,
      "nodes": 47,
      "selected": false
    },
    {
      "index": 8,
      "expression": "frac(div(scalar(-0.7596336090014264), xor(warp(neg(_or(_if(_and(z, x), tan(scalar(0.02217751637666754)), pow(y, z)), _or(x, scalar(0.1917392933352129)))), sqrt(warp(_or(scalar(-0.7145467385073756), y), abs(pow(tan(x), scalar(0.3319097988016504))), z, add(neg(y), scalar(0.9082461338847103)))), max(log(tan(cos(scalar(-0.04074073537654943)))), _and(add(_and(x, abs(sqrt(x))), warp(z, x, scalar(0.6002075360621197), z)), scalar(-0.30187264979313166))), sin(scalar(-0.3790691602788101))), scalar(0.2643680935602588))))",
      "fitness": 0.0033843899608816293,
      "depth": 10,
      "nodes": 55,
      "selected": true
    },
    {
      "index": 9,
      "expression": "frac(xor(warp(neg(_or(_if(_and(z, x), tan(scalar(0.02217751637666754)), pow(y, z)), _or(x, scalar(0.1917392933352129)))), sqrt(warp(_or(scalar(-0.7145467385073756), y), abs(pow(tan(x), scalar(0.3319097988016504))), z, add(neg(y), scalar(0.9082461338847103)))), max(neg(sin(div(add(neg(sin(scalar(0.9212211670539756))), tan(pow(scalar(-0.27782767248905027), scalar(0.24442188375894847)))), _if(sqrt(_or(y, x)), cos(_and(y, y)), mult(exp(x), cos(x)))))), _and(add(_and(x, scalar(0.7504485134647318)), warp(z, x, scalar(0.6002075360621197), z)), scalar(-0.30187264979313166))), sin(scalar(-0.3790691602788101))), scalar(0.2643680935602588)))",
      "fitness": 1.0096716109625021,
      "depth": 10,
      "nodes": 72,
      "selected": false
    },
    {
      "index": 10,
      "expression": "frac(xor(warp(neg(_or(_if(_and(z, x), tan(scalar(0.02217751637666754)), pow(y, z)), _or(x, scalar(0.1917392933352129)))), sqrt(warp(_or(scalar(-0.7145467385073756), y), abs(pow(x, scalar(0.3319097988016504))), z, add(neg(y), scalar(0.9082461338847103)))), max(log(tan(cos(scalar(-0.04074073537654943)))), _and(add(_and(x, scalar(0.7504485134647318)), warp(z, x, scalar(0.6002075360621197), z)), scalar(-0.30187264979313166))), sin(scalar(-0.3790691602788101))), scalar(0.2643680935602588)))",
      "fitness": 0.008373288402007071,
      "depth": 7,
      "nodes": 50,
      "selected": false
    }
  ]
}