{
  "generation": 7,
  "population_size": 8,
  "selected_indices": [
    7,
    2
  ],
  "text_prompt": "blue landscape",
  "individuals": [
    {
      "index": 0,
      "expression": "_if(sub(cos(x), abs(sub(scalar(0.7397728558447245), mdist(sin(sub(div(_or(sqrt(z), sqrt(scalar(0.9822759224672002))), frac(sin(scalar(-0.7472664926215162)))), abs(sin(exp(exp(cos(scalar(-0.8743621284816505)))))))), mdist(mdist(sin(sin(scalar(0.5694133539134927))), _or(pow(min(y, x), add(scalar(0.1512080260082984), x)), mdist(warp(scalar(0.19652283161513395), scalar(-0.9418553538865597), scalar(-0.7331848903476259), scalar(0.8783914406293662)), cos(z)))), cos(_and(sin(_and(x, sqrt(x))), neg(scalar(0.42055682551044504))))))))), _if(xor(scalar(-0.9419184248502641), scalar(-0.008375517236298702)), _if(scalar(0.5218954750836411), warp(z, x, x, scalar(0.18099099658841689)), scalar(0.8443771249397749)), y), cos(exp(z)))",
      "fitness": 0.009461729351182951,
      "depth": 12,
      "nodes": 71,
      "selected": false
    },
    {
      "index": 1,
      "expression": "_if(sub(cos(exp(x)), abs(scalar(0.8782983255570211))), mult(xor(scalar(-0.9419184248502641), scalar(-0.008375517236298702)), _if(scalar(0.5218954750836411), warp(z, x, x, scalar(0.18099099658841689)), scalar(0.22303658736943066))), cos(exp(z)))",
      "fitness": 0.004437193853913734,
      "depth": 4,
      "nodes": 22,
      "selected": false
    },
    {
      "index": 2,
      "expression": "_if(sub(cos(pow(x, z)), abs(scalar(0.8782983255570211))), mult(xor(scalar(-0.9419184248502641), scalar(-0.008375517236298702)), _if(scalar(0.5218954750836411), warp(z, x, x, scalar(0.18099099658841689)), scalar(0.8443771249397749))), cos(_or(pow(warp(x, min(abs(sqrt(y)), mdist(sub(x, scalar(-0.7602277596074065)), warp(scalar(-0.41142258108440277), scalar(-0.9455867564322127), z, scalar(0.00834928080201558)))), min(mult(sin(x), neg(z)), scalar(0.4263003974360111)), tan(z)), min(y, exp(abs(neg(z))))), tan(z))))",
      "fitness": 1.0030337270529301,
      "depth": 8,
      "nodes": 55,
      "selected": true
    },
    {
      "index": 3,
      "expression": "_if(sub(cos(x), abs(scalar(0.8782983255570211))), div(xor(scalar(-0.9419184248502641), warp(scalar(-0.008375517236298702), scalar(0.9541188071800015), z, x)), _if(scalar(0.5218954750836411), warp(z, x, x, scalar(0.18099099658841689)), scalar(0.8443771249397749))), cos(exp(z)))",
      "fitness": 1.0045067709942606,
      "depth": 4,
      "nodes": 25,
      "selected": false
    },
    {
      "index": 4,
      "expression": "_if(sub(cos(x), abs(sub(scalar(0.7397728558447245), mdist(sin(sub(div(_or(sqrt(z), sqrt(scalar(0.9822759224672002))), frac(sin(scalar(-0.7472664926215162)))), abs(sin(exp(exp(div(scalar(0.01852519662811858), tan(sqrt(_or(pow(x, _and(scalar(-0.7153961340548936), x)), scalar(-0.2793411302199931))))))))))), mdist(mdist(sin(sin(scalar(0.5694133539134927))), _or(pow(min(y, x), add(scalar(0.1512080260082984), x)), mdist(warp(scalar(0.19652283161513395), scalar(-0.9418553538865597), scalar(-0.7331848903476259), scalar(0.8783914406293662)), cos(z)))), cos(_and(sin(_and(x, sqrt(x))), neg(scalar(0.42055682551044504))))))))), mult(xor(scalar(-0.9419184248502641), scalar(-0.008375517236298702)), _if(scalar(0.5218954750836411), warp(z, x, x, scalar(0.18099099658841689)), scalar(0.8443771249397749))), cos(exp(z)))",
      "fitness": 0.009076253935251837,
      "depth": 17,
      "nodes": 79,
      "selected": false
    },
    {
      "index": 5,
      "expression": "_if(sub(cos(x), abs(sub(scalar(0.7397728558447245), mdist(_if(sub(div(_or(sqrt(z), sqrt(scalar(0.9822759224672002))), frac(sin(scalar(-0.7472664926215162)))), abs(sin(exp(exp(cos(scalar(-0.8743621284816505))))))), z, scalar(0.7021455477400234)), mdist(mdist(sin(sin(scalar(0.5694133539134927))), _or(pow(min(y, x), add(scalar(0.1512080260082984), x)), mdist(warp(scalar(0.19652283161513395), scalar(-0.9418553538865597), scalar(-0.7331848903476259), scalar(0.8783914406293662)), cos(z)))), cos(_and(sin(_and(x, sqrt(x))), neg(scalar(0.42055682551044504))))))))), mult(xor(scalar(-0.9419184248502641), scalar(-0.008375517236298702)), _if(scalar(0.5218954750836411), warp(z, x, x, scalar(0.18099099658841689)), scalar(0.8443771249397749))), cos(exp(z)))",
      "fitness": 0.007522055159426834,
      "depth": 12,
      "nodes": 72,
      "selected": false
    },
    {
      "index": 6,
      "expression": "_if(sub(cos(x), abs(sub(scalar(0.7397728558447245), mdist(sin(sub(div(_or(sqrt(z), sqrt(scalar(0.9822759224672002))), frac(sin(scalar(-0.7472664926215162)))), abs(sin(exp(exp(cos(scalar(-0.8743621284816505)))))))), mdist(mdist(sin(sin(scalar(0.5694133539134927))), _or(pow(min(y, x), add(scalar(0.1512080260082984), x)), mdist(warp(scalar(0.19652283161513395), scalar(-0.9418553538865597), scalar(-0.7331848903476259), scalar(0.8783914406293662)), cos(z)))), cos(_and(sin(_and(x, sqrt(x))), neg(scalar(0.42055682551044504))))))))), mult(xor(scalar(-0.9419184248502641), scalar(-0.008375517236298702)), _if(scalar(0.5218954750836411), warp(z, frac(warp(pow(tan(exp(min(scalar(0.488928043350602), x))), _or(scalar(-0.9244904409284864), _and(add(y, z), sin(z)))), mult(z, _or(x, min(_or(scalar(0.09330574130413738), y), min(scalar(0.8608904307028813), scalar(-0.3255994026384297))))), sub(abs(tan(z)), mult(cos(div(y, scalar(0.483068296569912))), _if(neg(scalar(-0.37781052038404184)), sin(z), frac(scalar(-0.987123000421684))))), cos(warp(exp(_or(scalar(-0.27246199793661074), scalar(-0.7853662804171719))), div(exp(scalar(0.18713764900576835)), sub(scalar(0.8252938888788268), x)), log(z), z)))), x, scalar(0.18099099658841689)), scalar(0.8443771249397749))), cos(exp(z)))",
      "fitness": 0.006635047208903198,
      "depth": 12,
      "nodes": 127,
      "selected": false
    },
    {
      "index": 7,
      "expression": "_if(sub(cos(x), abs(sub(scalar(0.7397728558447245), mdist(sin(sub(div(_or(sqrt(z), sqrt(scalar(0.9822759224672002))), frac(sin(scalar(-0.7472664926215162)))), abs(sin(exp(exp(cos(scalar(-0.8743621284816505)))))))), mdist(mdist(sin(sin(scalar(0.5694133539134927))), _or(pow(min(y, x), add(scalar(0.1512080260082984), x)), mdist(warp(scalar(0.19652283161513395), scalar(-0.9418553538865597), scalar(-0.7331848903476259), scalar(0.8783914406293662)), cos(z)))), cos(_and(sin(_and(x, sqrt(x))), neg(scalar(0.42055682551044504))))))))), mult(xor(scalar(-0.9419184248502641), scalar(-0.008375517236298702)), _if(scalar(0.5218954750836411), warp(z, x, x, scalar(0.18099099658841689)), scalar(0.8443771249397749))), exp(z))",
      "fitness": 0.0112876382275864,
      "depth": 12,
      "nodes": 69,
      "selected": true
    }
  ]
}