{
  "generation": 1,
  "population_size": 4,
  "selected_indices": [
    1,
    2,
    0
  ],
  "text_prompt": "",
  "individuals": [
    {
      "index": 0,
      "expression": "div(sub(x, scalar(-0.10101787042252375)), warp(scalar(-0.024286686951704883), y, scalar(-0.9957878932977786), scalar(0.20041766026449914)))",
      "fitness": 0.0017491837123057852,
      "depth": 2,
      "nodes": 9,
      "selected": true
    },
    {
      "index": 1,
      "expression": "div(sub(x, scalar(-0.10101787042252375)), warp(scalar(-0.024286686951704883), y, sub(mult(z, scalar(0.1288936664803948)), _or(cos(max(x, add(z, cos(scalar(-0.682110477328205))))), neg(mult(sqrt(max(z, scalar(0.30410039897883445))), scalar(-0.4089002799021644))))), scalar(-0.5424755574590947)))",
      "fitness": 1.0086624452246464,
      "depth": 8,
      "nodes": 27,
      "selected": true
    },
    {
      "index": 2,
      "expression": "div(sub(sqrt(x), scalar(-0.10101787042252375)), warp(scalar(-0.024286686951704883), y, scalar(-0.9957878932977786), scalar(-0.5424755574590947)))",
      "fitness": 1.0069636357577463,
      "depth": 3,
      "nodes": 10,
      "selected": true
    },
    {
      "index": 3,
      "expression": "div(scalar(-0.10101787042252375), warp(scalar(-0.024286686951704883), y, scalar(-0.9957878932977786), scalar(-0.5424755574590947)))",
      "fitness": 0.0024115996814827456,
      "depth": 2,
      "nodes": 7,
      "selected": false
    }
  ]
}