{
  "generation": 5,
  "population_size": 8,
  "selected_indices": [
    4,
    5,
    6
  ],
  "text_prompt": "blue landscape",
  "individuals": [
    {
      "index": 0,
      "expression": "_if(sub(cos(x), abs(sub(scalar(0.7397728558447245), mdist(sin(sub(div(_or(sqrt(z), sqrt(scalar(0.9822759224672002))), frac(sin(scalar(-0.7472664926215162)))), scalar(0.06736356487348916))), mdist(mdist(sin(sin(scalar(0.5694133539134927))), _or(pow(min(y, x), add(scalar(0.1512080260082984), x)), mdist(warp(scalar(0.19652283161513395), scalar(-0.9418553538865597), scalar(-0.7331848903476259), scalar(-0.4194084137597578)), cos(z)))), cos(_and(sin(_and(x, sqrt(x))), neg(scalar(0.42055682551044504))))))))), mult(xor(scalar(-0.9419184248502641), scalar(-0.008375517236298702)), _if(scalar(0.5218954750836411), warp(z, x, x, scalar(0.18099099658841689)), scalar(0.8443771249397749))), cos(exp(z)))",
      "fitness": 0.004004533945704021,
      "depth": 11,
      "nodes": 65,
      "selected": false
    },
    {
      "index": 1,
      "expression": "_if(sub(cos(x), abs(scalar(0.8782983255570211))), mult(xor(xor(add(div(add(_and(max(y, x), x), frac(sub(scalar(0.7397728558447245), mdist(sin(sub(div(_or(sqrt(z), sqrt(scalar(0.9822759224672002))), frac(sin(scalar(-0.7472664926215162)))), scalar(0.06736356487348916))), mdist(mdist(sin(sin(scalar(0.5694133539134927))), _or(pow(min(y, x), add(scalar(0.1512080260082984), x)), mdist(warp(scalar(0.19652283161513395), scalar(-0.9418553538865597), scalar(-0.7331848903476259), scalar(0.8783914406293662)), cos(z)))), cos(_and(sin(_and(x, x)), neg(scalar(0.42055682551044504))))))))), mult(cos(xor(z, scalar(0.3319150565573652))), pow(y, abs(scalar(0.6222781239010351))))), div(frac(cos(sqrt(scalar(0.37422036430731476)))), sqrt(add(scalar(-0.5740636100171517), tan(y))))), mdist(scalar(0.5590796910868205), pow(x, neg(x)))), scalar(-0.008375517236298702)), _if(scalar(0.5218954750836411), scalar(0.3217066216944351), scalar(0.8443771249397749))), cos(exp(z)))",
      "fitness": 0.008927146412003324,
      "depth": 15,
      "nodes": 95,
      "selected": false
    },
    {
      "index": 2,
      "expression": "mult(xor(scalar(-0.9419184248502641), scalar(-0.008375517236298702)), _if(scalar(0.5218954750836411), warp(z, x, x, scalar(0.18099099658841689)), scalar(0.8443771249397749)))",
      "fitness": 1.006672213242881,
      "depth": 3,
      "nodes": 12,
      "selected": false
    },
    {
      "index": 3,
      "expression": "_if(sub(cos(x), abs(scalar(0.8782983255570211))), mult(xor(scalar(-0.9419184248502641), scalar(-0.008375517236298702)), _if(scalar(0.5218954750836411), warp(z, x, x, scalar(0.18099099658841689)), scalar(0.8443771249397749))), cos(z))",
      "fitness": 0.002464838364237415,
      "depth": 4,
      "nodes": 20,
      "selected": false
    },
    {
      "index": 4,
      "expression": "_if(sub(cos(x), abs(scalar(0.8782983255570211))), mult(xor(scalar(-0.9419184248502641), scalar(-0.008375517236298702)), _if(scalar(0.5218954750836411), warp(z, x, x, scalar(0.18099099658841689)), tan(log(neg(_or(scalar(0.408265735169719), scalar(-0.7208502064579134))))))), sqrt(exp(z)))",
      "fitness": 1.0045560422743425,
      "depth": 7,
      "nodes": 26,
      "selected": true
    },
    {
      "index": 5,
      "expression": "mult(xor(scalar(-0.9419184248502641), scalar(-0.008375517236298702)), _if(scalar(0.5218954750836411), warp(z, x, x, scalar(0.18099099658841689)), tan(log(neg(_or(scalar(0.408265735169719), scalar(-0.7208502064579134)))))))",
      "fitness": 0.0026095088341066175,
      "depth": 6,
      "nodes": 17,
      "selected": true
    },
    {
      "index": 6,
      "expression": "_if(sub(cos(x), abs(sub(scalar(0.7397728558447245), mdist(sin(sub(div(_or(sqrt(z), sqrt(scalar(0.9822759224672002))), frac(sin(scalar(-0.7472664926215162)))), scalar(0.06736356487348916))), mdist(mdist(sin(sin(scalar(0.5694133539134927))), _or(pow(min(y, x), add(scalar(0.1512080260082984), x)), mdist(warp(scalar(0.19652283161513395), scalar(-0.9418553538865597), scalar(-0.7331848903476259), scalar(0.8783914406293662)), cos(z)))), cos(_and(sin(_and(x, sqrt(x))), neg(cos(exp(z)))))))))), mult(xor(scalar(-0.9419184248502641), scalar(-0.008375517236298702)), _if(scalar(0.5218954750836411), warp(z, x, x, scalar(0.18099099658841689)), scalar(0.8443771249397749))), cos(exp(z)))",
      "fitness": 0.008127445368913503,
      "depth": 11,
      "nodes": 67,
      "selected": true
    },
    {
      "index": 7,
      "expression": "_if(sub(cos(x), abs(scalar(0.8782983255570211))), mult(scalar(-0.008375517236298702), _if(scalar(0.5218954750836411), x, scalar(0.8443771249397749))), cos(exp(z)))",
      "fitness": 1.0081187021048164,
      "depth": 3,
      "nodes": 15,
      "selected": false
    }
  ]
}