{
  "generation": 10,
  "population_size": 11,
  "selected_indices": [
    7,
    5,
    9
  ],
  "text_prompt": "ble landscape",
  "individuals": [
    {
      "index": 0,
      "expression": "frac(xor(warp(neg(_or(_if(_and(z, x), tan(scalar(0.02217751637666754)), _if(y, z, y)), cos(_or(x, scalar(0.1917392933352129))))), sqrt(abs(tan(x))), _and(add(_and(x, scalar(0.7504485134647318)), warp(z, x, scalar(0.6002075360621197), z)), scalar(-0.30187264979313166)), sin(scalar(-0.3790691602788101))), scalar(0.2643680935602588)))",
      "fitness": 0.010977956856701148,
      "depth": 7,
      "nodes": 37,
      "selected": false
    },
    {
      "index": 1,
      "expression": "frac(xor(warp(neg(_or(_if(_and(z, x), tan(scalar(0.02217751637666754)), pow(y, z)), _or(x, scalar(0.1917392933352129)))), sqrt(warp(_or(scalar(-0.7145467385073756), y), abs(pow(tan(x), scalar(0.3319097988016504))), z, add(neg(y), scalar(0.9082461338847103)))), max(log(tan(cos(scalar(-0.04074073537654943)))), scalar(-0.30187264979313166)), sin(scalar(-0.3790691602788101))), scalar(0.2643680935602588)))",
      "fitness": 0.004943585280512039,
      "depth": 8,
      "nodes": 41,
      "selected": false
    },
    {
      "index": 2,
      "expression": "frac(xor(warp(neg(_or(_if(_and(z, x), tan(scalar(0.02217751637666754)), _if(y, z, y)), cos(_or(x, scalar(0.1917392933352129))))), sqrt(abs(tan(x))), max(log(scalar(0.49720363289477243)), _and(add(_and(x, scalar(0.7504485134647318)), warp(z, x, scalar(0.6002075360621197), scalar(0.5250113589569454))), scalar(-0.30187264979313166))), sin(scalar(-0.3790691602788101))), scalar(0.2643680935602588)))",
      "fitness": 0.008693534962353363,
      "depth": 7,
      "nodes": 40,
      "selected": false
    },
    {
      "index": 3,
      "expression": "frac(xor(warp(neg(_or(_if(_and(z, x), tan(scalar(0.02217751637666754)), pow(y, z)), _or(x, z))), sqrt(warp(_or(scalar(-0.7145467385073756), y), abs(pow(tan(x), scalar(0.3319097988016504))), z, add(neg(y), scalar(0.9082461338847103)))), max(log(tan(cos(scalar(-0.04074073537654943)))), _and(_and(pow(y, sin(scalar(-0.23474347135505158))), add(sub(frac(tan(div(z, scalar(-0.6749316706724133)))), x), add(cos(log(_and(scalar(-0.46814622797635685), scalar(0.48081370923283884)))), sub(tan(sub(scalar(0.21579578842095293), y)), scalar(-0.783895019350273))))), scalar(-0.30187264979313166))), sin(scalar(-0.3790691602788101))), scalar(0.2643680935602588)))",
      "fitness": 1.0109161378015266,
      "depth": 11,
      "nodes": 67,
      "selected": false
    },
    {
      "index": 4,
      "expression": "frac(xor(warp(neg(_or(_if(_and(z, x), tan(scalar(0.02217751637666754)), _if(y, z, y)), cos(_or(x, scalar(0.1917392933352129))))), sqrt(abs(tan(x))), max(log(scalar(0.49720363289477243)), _and(frac(tan(_if(scalar(-0.5942878184686764), mult(sqrt(sqrt(scalar(-0.6084595566256865))), frac(x)), y))), scalar(-0.30187264979313166))), sin(scalar(-0.3790691602788101))), scalar(0.2643680935602588)))",
      "fitness": 0.004379126610437296,
      "depth": 11,
      "nodes": 42,
      "selected": false
    },
    {
      "index": 5,
      "expression": "xor(max(log(scalar(0.49720363289477243)), _and(add(_and(x, scalar(0.7504485134647318)), warp(z, x, scalar(0.6002075360621197), z)), scalar(-0.30187264979313166))), scalar(0.2643680935602588))",
      "fitness": 0.005305895070569917,
      "depth": 5,
      "nodes": 16,
      "selected": true
    },
    {
      "index": 6,
      "expression": "frac(xor(warp(neg(_or(_if(_and(z, x), tan(scalar(0.02217751637666754)), pow(y, z)), _or(x, scalar(0.1917392933352129)))), sqrt(warp(_or(scalar(-0.7145467385073756), y), abs(pow(tan(tan(x)), scalar(0.3319097988016504))), z, add(neg(y), scalar(0.9082461338847103)))), max(log(tan(cos(scalar(-0.04074073537654943)))), _and(add(_and(x, scalar(0.7504485134647318)), warp(z, x, scalar(0.6002075360621197), z)), scalar(-0.30187264979313166))), sin(scalar(-0.3790691602788101))), scalar(0.2643680935602588)))",
      "fitness": 0.01047442737936286,
      "depth": 9,
      "nodes": 52,
      "selected": false
    },
    {
      "index": 7,
      "expression": "xor(warp(_or(_if(_and(z, x), tan(scalar(0.02217751637666754)), pow(y, x)), _or(x, scalar(0.1917392933352129))), sqrt(warp(_or(scalar(-0.7145467385073756), y), abs(pow(tan(x), scalar(0.3319097988016504))), z, add(neg(y), scalar(0.9082461338847103)))), max(log(scalar(0.49720363289477243)), _and(add(_and(x, scalar(0.7504485134647318)), warp(z, x, scalar(0.6002075360621197), z)), scalar(-0.30187264979313166))), scalar(-0.3790691602788101)), scalar(0.2643680935602588))",
      "fitness": 0.0048602233344179286,
      "depth": 7,
      "nodes": 46,
      "selected": true
    },
    {
      "index": 8,
      "expression": "frac(xor(warp(neg(_if(_if(_and(z, x), tan(scalar(0.02217751637666754)), pow(y, z)), _or(x, scalar(0.1917392933352129)), scalar(0.3102911221237381))), sqrt(warp(_or(scalar(-0.7145467385073756), y), abs(pow(tan(x), scalar(0.3319097988016504))), z, add(neg(y), scalar(0.9082461338847103)))), max(log(scalar(0.49720363289477243)), _and(add(_and(x, scalar(0.7504485134647318)), warp(z, x, scalar(0.6002075360621197), z)), scalar(-0.30187264979313166))), sin(scalar(-0.3790691602788101))), scalar(0.2643680935602588)))",
      "fitness": 0.008013034412251896,
      "depth": 8,
      "nodes": 50,
      "selected": false
    },
    {
      "index": 9,
      "expression": "frac(xor(warp(neg(_or(_if(_and(z, x), tan(scalar(0.02217751637666754)), pow(y, z)), tan(x))), sqrt(warp(_or(scalar(-0.7145467385073756), y), abs(pow(tan(x), scalar(0.3319097988016504))), z, add(neg(y), scalar(0.9082461338847103)))), max(log(scalar(0.49720363289477243)), _and(add(_and(x, scalar(0.7504485134647318)), warp(z, x, scalar(0.6002075360621197), z)), scalar(-0.30187264979313166))), sin(scalar(-0.3790691602788101))), scalar(0.2643680935602588)))",
      "fitness": 1.0040064428669628,
      "depth": 8,
      "nodes": 48,
      "selected": true
    },
    {
      "index": 10,
      "expression": "frac(xor(warp(neg(_or(_if(_and(z, x), tan(scalar(0.02217751637666754)), pow(y, z)), warp(scalar(0.21047229462325334), scalar(-0.6050996350537869), x, _or(x, scalar(0.1917392933352129))))), sqrt(warp(_or(scalar(-0.7145467385073756), y), abs(pow(tan(x), scalar(0.3319097988016504))), z, add(neg(y), scalar(0.9082461338847103)))), max(log(tan(cos(scalar(-0.04074073537654943)))), _and(add(_and(x, scalar(0.7504485134647318)), warp(z, x, scalar(0.6002075360621197), z)), scalar(-0.30187264979313166))), sin(scalar(-0.3790691602788101))), scalar(0.2643680935602588)))",
      "fitness": 1.0075663531764554,
      "depth": 8,
      "nodes": 55,
      "selected": false
    }
  ]
}