{
  "generation": 13,
  "population_size": 11,
  "selected_indices": [
    9,
    1,
    3
  ],
  "text_prompt": "ble landscape",
  "individuals": [
    {
      "index": 0,
      "expression": "frac(div(scalar(-0.7596336090014264), xor(warp(_or(_if(_and(z, x), tan(scalar(0.02217751637666754)), pow(y, z)), _or(x, scalar(0.1917392933352129))), sqrt(warp(_or(scalar(-0.7145467385073756), y), abs(pow(tan(x), scalar(0.3319097988016504))), z, add(neg(y), scalar(0.9082461338847103)))), max(log(tan(cos(scalar(-0.04074073537654943)))), _and(add(_and(x, scalar(0.7504485134647318)), warp(z, x, scalar(0.6002075360621197), z)), scalar(-0.30187264979313166))), sin(scalar(-0.3790691602788101))), scalar(0.2643680935602588))))",
      "fitness": 0.010275041297357679,
      "depth": 9,
      "nodes": 52,
      "selected": false
    },
    {
      "index": 1,
      "expression": "frac(div(scalar(-0.7596336090014264), xor(warp(neg(_or(_if(_and(z, x), exp(_if(exp(sin(z)), warp(sin(sqrt(exp(scalar(-0.06270049147714318)))), z, max(xor(frac(scalar(0.434713960827954)), sub(z, z)), z), tan(_and(sin(y), sub(y, x)))), _or(scalar(-0.16359972044419302), neg(scalar(-0.029322174559486047))))), pow(y, z)), _or(x, scalar(0.1917392933352129)))), sqrt(warp(_or(scalar(-0.7145467385073756), y), abs(pow(tan(x), scalar(0.3319097988016504))), z, add(neg(y), scalar(0.9082461338847103)))), max(log(tan(cos(scalar(-0.04074073537654943)))), _and(add(_and(x, scalar(0.7504485134647318)), warp(z, x, scalar(0.6002075360621197), z)), scalar(-0.30187264979313166))), sin(scalar(-0.3790691602788101))), scalar(0.2643680935602588))))",
      "fitness": 0.007461324141604646,
      "depth": 13,
      "nodes": 81,
      "selected": true
    },
    {
      "index": 2,
      "expression": "frac(xor(warp(neg(_or(_if(_and(z, x), tan(scalar(0.02217751637666754)), pow(y, z)), _or(x, scalar(0.1917392933352129)))), sqrt(warp(_or(scalar(-0.7145467385073756), y), abs(pow(tan(x), _and(frac(tan(_or(frac(x), sub(_and(z, y), scalar(-0.027851630890474377))))), scalar(-0.7006255377063326)))), z, add(neg(y), scalar(0.9082461338847103)))), max(log(tan(cos(scalar(-0.04074073537654943)))), _and(add(_and(x, scalar(0.7504485134647318)), warp(z, x, scalar(0.6002075360621197), z)), scalar(-0.30187264979313166))), sin(scalar(-0.3790691602788101))), scalar(0.2643680935602588)))",
      "fitness": 0.007546994538678428,
      "depth": 13,
      "nodes": 62,
      "selected": false
    },
    {
      "index": 3,
      "expression": "frac(div(scalar(-0.7596336090014264), xor(warp(neg(_or(_if(_and(z, x), tan(scalar(0.02217751637666754)), pow(y, z)), _or(x, scalar(0.1917392933352129)))), sqrt(warp(_or(scalar(-0.7145467385073756), y), abs(pow(tan(x), scalar(0.3319097988016504))), z, add(neg(y), scalar(0.9082461338847103)))), max(log(tan(cos(scalar(-0.04074073537654943)))), _and(add(_and(x, scalar(0.7504485134647318)), warp(z, x, scalar(0.6002075360621197), z)), scalar(-0.30187264979313166))), sin(scalar(-0.3790691602788101))), scalar(0.2643680935602588))))",
      "fitness": 0.009081430555578534,
      "depth": 9,
      "nodes": 53,
      "selected": true
    },
    {
      "index": 4,
      "expression": "frac(xor(warp(neg(_or(_if(_and(z, x), tan(scalar(0.02217751637666754)), pow(y, z)), _or(x, z))), sqrt(max(warp(_or(scalar(-0.7145467385073756), y), abs(pow(tan(x), scalar(0.3319097988016504))), z, add(neg(y), scalar(0.9082461338847103))), scalar(-0.8392131241336072))), max(log(tan(cos(scalar(-0.04074073537654943)))), _and(_and(pow(y, sin(scalar(-0.23474347135505158))), add(sub(frac(tan(div(z, scalar(-0.6749316706724133)))), x), add(cos(log(_and(scalar(-0.46814622797635685), scalar(0.48081370923283884)))), sub(tan(sub(scalar(0.21579578842095293), y)), scalar(-0.783895019350273))))), scalar(-0.30187264979313166))), sin(scalar(-0.3790691602788101))), scalar(0.2643680935602588)))",
      "fitness": 0.012251571885064476,
      "depth": 11,
      "nodes": 69,
      "selected": false
    },
    {
      "index": 5,
      "expression": "frac(xor(warp(_or(_if(_and(z, x), tan(scalar(0.02217751637666754)), _if(y, z, y)), cos(_or(x, scalar(0.1917392933352129)))), sqrt(abs(tan(x))), max(log(scalar(0.49720363289477243)), _and(add(_and(x, scalar(0.7504485134647318)), warp(z, x, scalar(0.6002075360621197), z)), scalar(-0.30187264979313166))), sin(scalar(-0.3790691602788101))), scalar(0.2643680935602588)))",
      "fitness": 1.0112979433207308,
      "depth": 7,
      "nodes": 39,
      "selected": false
    },
    {
      "index": 6,
      "expression": "frac(xor(warp(neg(_or(_and(max(pow(x, cos(tan(x))), _or(exp(sin(sin(scalar(-0.831742872111846)))), _or(max(scalar(-0.3925765054783523), warp(x, x, z, x)), tan(_if(z, scalar(-0.011645681679555153), x))))), add(div(x, _or(div(xor(x, x), neg(scalar(0.11239266662620451))), _if(neg(x), scalar(-0.5889804118088706), sin(scalar(-0.14590802199224062))))), sub(scalar(-0.2649356067687061), neg(mult(div(y, x), div(scalar(0.8032583859859854), y)))))), _or(x, scalar(0.1917392933352129)))), sqrt(warp(_or(scalar(-0.7145467385073756), y), abs(pow(tan(x), scalar(0.3319097988016504))), z, add(neg(y), scalar(0.9082461338847103)))), max(log(tan(cos(scalar(-0.04074073537654943)))), _and(add(_and(x, scalar(0.7504485134647318)), warp(z, x, scalar(0.6002075360621197), z)), scalar(-0.30187264979313166))), sin(scalar(-0.3790691602788101))), scalar(0.2643680935602588)))",
      "fitness": 0.002560337394915864,
      "depth": 11,
      "nodes": 93,
      "selected": false
    },
    {
      "index": 7,
      "expression": "frac(xor(warp(neg(_or(_if(_and(z, x), tan(scalar(0.02217751637666754)), _if(y, z, y)), cos(_or(x, scalar(0.1917392933352129))))), sqrt(tan(x)), max(log(scalar(0.49720363289477243)), _and(add(_and(x, scalar(0.7504485134647318)), warp(z, x, scalar(0.6002075360621197), z)), scalar(-0.30187264979313166))), sin(scalar(-0.3790691602788101))), scalar(0.2643680935602588)))",
      "fitness": 0.011494085964177437,
      "depth": 7,
      "nodes": 39,
      "selected": false
    },
    {
      "index": 8,
      "expression": "frac(xor(warp(neg(_and(z, x)), sqrt(warp(_or(scalar(-0.7145467385073756), y), abs(pow(tan(x), scalar(0.3319097988016504))), z, add(neg(y), scalar(0.9082461338847103)))), max(log(scalar(0.49720363289477243)), _and(add(_and(x, scalar(0.7504485134647318)), warp(z, x, scalar(0.6002075360621197), z)), scalar(-0.30187264979313166))), sin(scalar(-0.3790691602788101))), scalar(0.2643680935602588)))",
      "fitness": 0.0037656713806373428,
      "depth": 8,
      "nodes": 39,
      "selected": false
    },
    {
      "index": 9,
      "expression": "xor(warp(_or(_if(_and(tan(abs(y)), x), tan(scalar(0.02217751637666754)), pow(y, x)), _or(x, scalar(0.1917392933352129))), sqrt(warp(_or(scalar(-0.7145467385073756), y), abs(pow(tan(x), scalar(0.3319097988016504))), z, add(neg(y), scalar(0.9082461338847103)))), max(log(scalar(0.49720363289477243)), _and(add(_and(x, scalar(0.7504485134647318)), warp(z, x, scalar(0.6002075360621197), z)), scalar(-0.30187264979313166))), sin(scalar(-0.3790691602788101))), scalar(0.2643680935602588))",
      "fitness": 0.001715748892732409,
      "depth": 7,
      "nodes": 49,
      "selected": true
    },
    {
      "index": 10,
      "expression": "frac(xor(neg(neg(_or(_if(_and(z, x), tan(scalar(0.02217751637666754)), pow(y, z)), _or(x, scalar(0.1917392933352129))))), scalar(0.2643680935602588)))",
      "fitness": 1.0068636716929793,
      "depth": 7,
      "nodes": 18,
      "selected": false
    }
  ]
}