{
  "generation": 5,
  "population_size": 11,
  "selected_indices": [],
  "text_prompt": "blue landscape",
  "individuals": [
    {
      "index": 0,
      "expression": "add(sqrt(pow(sub(scalar(-0.7554534847311609), y), warp(y, scalar(-0.016122683333319676), scalar(0.2948713137105168), scalar(-0.6245798165850289)))), add(log(log(scalar(-0.5370666918585494))), log(div(scalar(-0.37096658996724785), neg(_and(_and(sin(abs(max(add(sqrt(max(log(x), scalar(-0.5975530106514302))), tan(_if(sub(frac(scalar(-0.635407036663088)), scalar(0.9359230568786745)), sub(warp(scalar(0.21884839713827908), scalar(-0.23159120215720086), scalar(-0.7405348603605282), y), scalar(0.46826473961990644)), exp(warp(scalar(-0.012443402760954125), scalar(-0.11987048844031589), scalar(-0.35322234463929414), scalar(-0.960109953547845)))))), sub(max(sub(scalar(0.8057241034105185), xor(scalar(0.8205616406926579), scalar(0.2378440596657354))), tan(neg(abs(z)))), cos(scalar(-0.3652650743386405)))))), neg(xor(mult(z, scalar(0.7622371967967703)), _and(y, y)))), sub(exp(max(z, warp(z, scalar(-0.042587887772868704), y, y))), xor(x, neg(pow(z, scalar(-0.2802055008290181)))))))))))",
      "fitness": 0.008650048821109417,
      "depth": 15,
      "nodes": 85,
      "selected": false
    },
    {
      "index": 1,
      "expression": "add(sqrt(pow(sub(scalar(-0.7554534847311609), y), warp(y, scalar(-0.016122683333319676), x, scalar(-0.6245798165850289)))), add(log(log(scalar(-0.5370666918585494))), log(div(scalar(-0.37096658996724785), neg(_and(_and(sin(abs(scalar(-0.12437479588777212))), neg(xor(mult(z, scalar(0.7622371967967703)), _and(y, y)))), sub(exp(max(z, warp(z, scalar(-0.042587887772868704), y, y))), xor(x, neg(pow(z, scalar(-0.2802055008290181)))))))))))",
      "fitness": 1.0094917269925672,
      "depth": 10,
      "nodes": 47,
      "selected": false
    },
    {
      "index": 2,
      "expression": "add(sqrt(pow(sub(scalar(-0.7554534847311609), y), warp(y, y, scalar(0.2948713137105168), scalar(-0.6245798165850289)))), add(log(log(scalar(-0.5370666918585494))), log(abs(min(scalar(0.46851096360220623), sqrt(xor(scalar(0.11036129089579383), pow(add(z, x), max(z, scalar(-0.45700143057016507))))))))))",
      "fitness": 1.0031914421348143,
      "depth": 9,
      "nodes": 29,
      "selected": false
    },
    {
      "index": 3,
      "expression": "add(sqrt(pow(sub(scalar(-0.7554534847311609), add(y, y)), warp(y, scalar(-0.016122683333319676), scalar(0.2948713137105168), scalar(-0.6245798165850289)))), add(log(log(scalar(-0.5370666918585494))), log(abs(min(scalar(0.46851096360220623), sqrt(xor(scalar(0.11036129089579383), pow(add(z, x), max(z, scalar(-0.45700143057016507))))))))))",
      "fitness": 0.008688174592772924,
      "depth": 9,
      "nodes": 31,
      "selected": false
    },
    {
      "index": 4,
      "expression": "div(_and(add(z, sqrt(sin(scalar(-0.5890231574811189)))), _and(scalar(-0.42188695654666786), _if(warp(scalar(0.41833866714586976), scalar(-0.9948037307902202), x, x), scalar(-0.9824910979260424), y))), _if(_and(exp(tan(pow(log(z), scalar(-0.3324018905651813)))), mult(mult(scalar(-0.4427993613980421), y), warp(scalar(0.21868416403826463), scalar(-0.9827739525332506), scalar(-0.790482102081242), y))), sqrt(z), y))",
      "fitness": 0.005037201196143167,
      "depth": 7,
      "nodes": 37,
      "selected": false
    },
    {
      "index": 5,
      "expression": "add(sqrt(pow(sub(scalar(-0.7554534847311609), y), _and(warp(y, scalar(-0.016122683333319676), scalar(0.2948713137105168), scalar(-0.6245798165850289)), x))), add(log(log(scalar(-0.5370666918585494))), log(div(scalar(-0.37096658996724785), neg(_and(_and(sin(abs(scalar(-0.12437479588777212))), neg(xor(mult(z, scalar(0.7622371967967703)), _and(y, y)))), sub(exp(max(z, warp(z, scalar(-0.042587887772868704), y, y))), xor(x, neg(pow(z, scalar(-0.2802055008290181)))))))))))",
      "fitness": 1.0028933813028282,
      "depth": 10,
      "nodes": 49,
      "selected": false
    },
    {
      "index": 6,
      "expression": "add(sqrt(pow(sub(scalar(-0.7554534847311609), y), warp(y, scalar(-0.016122683333319676), scalar(0.2948713137105168), scalar(-0.6245798165850289)))), add(log(abs(scalar(-0.5370666918585494))), log(div(scalar(-0.37096658996724785), neg(_and(_and(sin(abs(scalar(-0.12437479588777212))), neg(xor(mult(z, scalar(0.7622371967967703)), _and(y, y)))), sub(exp(max(z, warp(z, scalar(-0.042587887772868704), y, y))), xor(x, neg(pow(z, scalar(-0.2802055008290181)))))))))))",
      "fitness": 0.0013258206130986998,
      "depth": 10,
      "nodes": 47,
      "selected": false
    },
    {
      "index": 7,
      "expression": "div(_and(add(z, sqrt(sin(scalar(-0.5890231574811189)))), _and(scalar(-0.42188695654666786), _if(warp(scalar(0.41833866714586976), scalar(-0.9948037307902202), x, x), scalar(-0.9824910979260424), y))), _if(_and(exp(pow(log(z), add(z, x))), mult(mult(scalar(-0.4427993613980421), y), warp(scalar(0.21868416403826463), scalar(-0.9827739525332506), scalar(-0.790482102081242), y))), sqrt(z), y))",
      "fitness": 0.010797271842481389,
      "depth": 6,
      "nodes": 38,
      "selected": false
    },
    {
      "index": 8,
      "expression": "add(sqrt(pow(sub(scalar(-0.7554534847311609), y), warp(y, scalar(-0.016122683333319676), scalar(0.2948713137105168), scalar(-0.6245798165850289)))), add(log(log(scalar(-0.5370666918585494))), log(abs(min(scalar(0.46851096360220623), sqrt(xor(scalar(0.11036129089579383), max(pow(add(z, x), max(z, scalar(-0.45700143057016507))), scalar(-0.616386854189342)))))))))",
      "fitness": 0.00538555658415382,
      "depth": 10,
      "nodes": 31,
      "selected": false
    },
    {
      "index": 9,
      "expression": "add(sqrt(sub(scalar(-0.7554534847311609), y)), add(log(log(scalar(-0.5370666918585494))), log(div(scalar(-0.37096658996724785), neg(_and(_and(sin(abs(scalar(-0.12437479588777212))), neg(xor(mult(z, scalar(0.7622371967967703)), _and(y, y)))), sub(exp(max(z, warp(z, scalar(-0.042587887772868704), y, y))), xor(x, neg(pow(z, scalar(-0.2802055008290181)))))))))))",
      "fitness": 0.002837154195003833,
      "depth": 10,
      "nodes": 41,
      "selected": false
    },
    {
      "index": 10,
      "expression": "add(sqrt(pow(sub(scalar(-0.7554534847311609), y), warp(y, scalar(-0.016122683333319676), scalar(0.2948713137105168), scalar(-0.6245798165850289)))), add(log(log(scalar(-0.5370666918585494))), log(abs(min(scalar(0.46851096360220623), sqrt(xor(scalar(0.11036129089579383), pow(add(z, x), frac(scalar(-0.8438381637488204))))))))))",
      "fitness": 0.0066084878905886294,
      "depth": 9,
      "nodes": 28,
      "selected": false
    }
  ]
}