{
  "generation": 2,
  "population_size": 6,
  "selected_indices": [
    5,
    4,
    0
  ],
  "text_prompt": "",
  "individuals": [
    {
      "index": 0,
      "expression": "pow(pow(x, scalar(0.6715302078397394)), abs(mdist(_or(scalar(0.959905771780154), pow(log(scalar(-0.2790728348289615)), _and(_or(y, mult(x, scalar(0.6942695316524301))), max(cos(z), _and(scalar(-0.5124814003441684), scalar(-0.8581672649209311)))))), y)))",
      "fitness": 0.002784049114801267,
      "depth": 8,
      "nodes": 24,
      "selected": true
    },
    {
      "index": 1,
      "expression": "pow(pow(x, scalar(0.6715302078397394)), abs(_if(scalar(-0.6668948991449508), log(tan(exp(div(mdist(sin(tan(frac(scalar(-0.9364801082053267)))), tan(sqrt(frac(scalar(-0.6842061124956789))))), xor(_and(_or(sqrt(scalar(0.07611981709762916)), x), abs(neg(x))), scalar(-0.7497419694290193)))))), div(tan(mult(z, scalar(0.1288936664803948))), _or(cos(max(x, add(scalar(0.17358574898561208), scalar(0.36178008081645197)))), y)))))",
      "fitness": 0.003981301537289082,
      "depth": 11,
      "nodes": 43,
      "selected": false
    },
    {
      "index": 2,
      "expression": "pow(pow(x, scalar(0.6715302078397394)), abs(_if(scalar(-0.6668948991449508), log(tan(log(mdist(scalar(0.5590796910868205), pow(scalar(-0.7914500039707728), scalar(0.7323367147331441)))))), div(tan(mult(z, scalar(0.1288936664803948))), _or(cos(max(x, add(_if(mdist(warp(warp(_and(warp(x, x, scalar(0.6979822449731503), scalar(0.4728362331506364)), cos(z)), exp(scalar(0.43919534620270295)), pow(warp(scalar(-0.6704036959376503), x, x, z), x), div(tan(z), _and(scalar(0.9424150563925626), scalar(-0.13415681723892736)))), scalar(0.8177695198054091), cos(sqrt(cos(y))), sqrt(scalar(-0.9579306538282575))), tan(log(max(scalar(0.5148393251133296), _or(x, y))))), cos(sub(frac(cos(abs(scalar(0.09057417953629199)))), warp(z, neg(min(y, scalar(-0.10089571252148222))), mult(xor(x, y), sqrt(scalar(0.196328397427322))), sin(z)))), neg(max(_or(sin(z), neg(mdist(z, z))), _and(_if(warp(scalar(0.4425686691591446), scalar(-0.2053649457920539), scalar(-0.8531743017535529), x), log(y), sqrt(scalar(-0.4812982904234071))), y)))), scalar(0.36178008081645197)))), y)))))",
      "fitness": 1.0002326143855305,
      "depth": 14,
      "nodes": 109,
      "selected": false
    },
    {
      "index": 3,
      "expression": "pow(pow(x, scalar(0.6715302078397394)), abs(_if(scalar(-0.6668948991449508), log(tan(_and(log(frac(_if(log(z), _or(add(scalar(0.42687399679968197), y), _if(scalar(-0.0327519954775628), scalar(0.43210459086773634), scalar(-0.5115450941951183))), tan(neg(x))))), frac(z)))), div(tan(mult(z, scalar(0.1288936664803948))), _or(cos(max(x, add(scalar(0.17358574898561208), scalar(0.36178008081645197)))), y)))))",
      "fitness": 1.00493610324832,
      "depth": 11,
      "nodes": 41,
      "selected": false
    },
    {
      "index": 4,
      "expression": "pow(pow(x, scalar(0.6715302078397394)), abs(_if(scalar(-0.6668948991449508), log(tan(log(warp(scalar(0.5590796910868205), warp(scalar(-0.7914500039707728), scalar(0.7323367147331441), y, scalar(-0.809538301496727)), x, scalar(0.7777522467438323))))), div(tan(mult(z, scalar(0.1288936664803948))), _or(cos(max(x, add(scalar(0.17358574898561208), scalar(0.36178008081645197)))), y)))))",
      "fitness": 1.0059054288574545,
      "depth": 8,
      "nodes": 32,
      "selected": true
    },
    {
      "index": 5,
      "expression": "pow(pow(add(x, y), scalar(0.6715302078397394)), neg(abs(y)))",
      "fitness": 0.00949369538036887,
      "depth": 3,
      "nodes": 9,
      "selected": true
    }
  ]
}