{
  "generation": 2,
  "population_size": 8,
  "selected_indices": [
    4,
    5,
    0
  ],
  "text_prompt": "blue landscape",
  "individuals": [
    {
      "index": 0,
      "expression": "_if(sub(cos(x), abs(scalar(0.8782983255570211))), mult(xor(xor(add(div(add(_and(max(y, x), x), frac(sub(scalar(0.7397728558447245), z))), mult(cos(xor(z, scalar(0.3319150565573652))), pow(y, abs(scalar(0.6222781239010351))))), div(frac(cos(sqrt(scalar(0.37422036430731476)))), sqrt(add(scalar(-0.5740636100171517), frac(log(sub(scalar(-0.9691763401412561), scalar(0.6958272245564125)))))))), mdist(scalar(0.5590796910868205), pow(x, neg(x)))), scalar(-0.008375517236298702)), _if(scalar(0.5218954750836411), x, scalar(0.8443771249397749))), cos(exp(z)))",
      "fitness": 0.00573498922250867,
      "depth": 11,
      "nodes": 57,
      "selected": true
    },
    {
      "index": 1,
      "expression": "_if(sub(cos(x), abs(scalar(0.8782983255570211))), mult(sin(tan(frac(scalar(-0.9364801082053267)))), _if(scalar(0.5218954750836411), x, scalar(0.8443771249397749))), cos(exp(frac(_if(log(x), warp(_if(max(scalar(0.15801326771825908), _if(scalar(0.15797087263416776), x, scalar(-0.19645269107330554))), _and(abs(y), min(scalar(-0.6916408076743119), y)), x), scalar(0.7310912954775095), sin(tan(frac(scalar(-0.9364801082053267)))), tan(sqrt(frac(scalar(-0.6842061124956789))))), xor(_and(_or(sqrt(scalar(0.07611981709762916)), x), abs(neg(x))), scalar(-0.7497419694290193)))))))",
      "fitness": 0.004303973080124207,
      "depth": 9,
      "nodes": 55,
      "selected": false
    },
    {
      "index": 2,
      "expression": "_if(sub(cos(x), abs(scalar(0.8782983255570211))), mult(xor(scalar(-0.9419184248502641), scalar(-0.008375517236298702)), _if(scalar(0.5218954750836411), warp(z, x, x, scalar(0.18099099658841689)), scalar(0.8443771249397749))), cos(exp(z)))",
      "fitness": 1.0112197511759071,
      "depth": 4,
      "nodes": 21,
      "selected": false
    },
    {
      "index": 3,
      "expression": "_if(sub(cos(x), abs(scalar(0.8782983255570211))), mult(scalar(-0.9419184248502641), _if(scalar(0.5218954750836411), x, scalar(0.8443771249397749))), cos(exp(frac(_if(log(x), warp(_if(max(scalar(0.15801326771825908), _if(scalar(0.15797087263416776), x, scalar(-0.19645269107330554))), _and(abs(y), min(scalar(-0.6916408076743119), y)), x), scalar(0.7310912954775095), sin(tan(frac(scalar(-0.9364801082053267)))), tan(sqrt(frac(scalar(-0.6842061124956789))))), xor(_and(_or(sqrt(scalar(0.07611981709762916)), x), abs(neg(x))), scalar(-0.7497419694290193)))))))",
      "fitness": 1.0052119630809109,
      "depth": 9,
      "nodes": 52,
      "selected": false
    },
    {
      "index": 4,
      "expression": "_if(sub(cos(x), abs(scalar(0.8782983255570211))), mult(xor(scalar(-0.9419184248502641), scalar(-0.008375517236298702)), _if(scalar(0.5218954750836411), x, scalar(0.8443771249397749))), cos(exp(frac(_if(log(x), warp(_if(max(scalar(0.15801326771825908), _if(scalar(0.15797087263416776), x, scalar(-0.19645269107330554))), _and(abs(y), min(scalar(-0.6916408076743119), y)), x), scalar(0.7310912954775095), sin(tan(frac(scalar(-0.9364801082053267)))), tan(sqrt(frac(scalar(-0.6842061124956789))))), xor(_and(_or(sqrt(_or(scalar(0.07611981709762916), y)), x), abs(neg(x))), scalar(-0.7497419694290193)))))))",
      "fitness": 0.003909283781312223,
      "depth": 10,
      "nodes": 56,
      "selected": true
    },
    {
      "index": 5,
      "expression": "_if(sub(cos(x), abs(scalar(0.8782983255570211))), mult(xor(xor(add(div(add(_and(max(y, x), x), frac(sub(scalar(0.7397728558447245), mdist(sin(sub(div(_or(sqrt(z), sqrt(scalar(0.9822759224672002))), frac(sin(scalar(-0.7472664926215162)))), scalar(0.06736356487348916))), mdist(mdist(sin(sin(scalar(0.5694133539134927))), _or(pow(min(y, x), add(scalar(0.1512080260082984), x)), mdist(warp(scalar(0.19652283161513395), scalar(-0.9418553538865597), scalar(-0.7331848903476259), scalar(0.8783914406293662)), cos(z)))), cos(_and(sin(_and(x, x)), neg(scalar(0.42055682551044504))))))))), mult(cos(xor(z, scalar(0.3319150565573652))), pow(y, abs(scalar(0.6222781239010351))))), div(frac(cos(sqrt(scalar(0.37422036430731476)))), sqrt(add(scalar(-0.5740636100171517), tan(y))))), mdist(scalar(0.5590796910868205), pow(x, neg(x)))), scalar(-0.008375517236298702)), _if(scalar(0.5218954750836411), x, scalar(0.8443771249397749))), cos(exp(z)))",
      "fitness": 1.009164253816066,
      "depth": 15,
      "nodes": 95,
      "selected": true
    },
    {
      "index": 6,
      "expression": "_if(sub(cos(x), abs(scalar(0.8782983255570211))), mult(xor(scalar(-0.9419184248502641), scalar(-0.008375517236298702)), _if(scalar(0.5218954750836411), x, scalar(0.8443771249397749))), cos(exp(frac(_if(log(x), warp(_if(max(scalar(0.15801326771825908), _if(scalar(0.15797087263416776), x, scalar(-0.19645269107330554))), _and(abs(y), min(scalar(-0.6916408076743119), y)), x), scalar(0.7310912954775095), sin(tan(frac(scalar(-0.9364801082053267)))), tan(sqrt(frac(sin(scalar(-0.6842061124956789)))))), xor(_and(_or(sqrt(scalar(0.07611981709762916)), x), abs(neg(x))), scalar(-0.7497419694290193)))))))",
      "fitness": 0.011499628162769764,
      "depth": 10,
      "nodes": 55,
      "selected": false
    },
    {
      "index": 7,
      "expression": "_if(sub(cos(x), abs(scalar(0.8782983255570211))), mult(xor(scalar(-0.9419184248502641), scalar(-0.008375517236298702)), _if(scalar(0.5218954750836411), x, scalar(0.8443771249397749))), cos(exp(frac(_if(log(y), warp(_if(max(scalar(0.15801326771825908), _if(scalar(0.15797087263416776), x, scalar(-0.19645269107330554))), _and(abs(y), min(scalar(-0.6916408076743119), y)), x), scalar(0.7310912954775095), sin(tan(frac(scalar(-0.9364801082053267)))), tan(sqrt(frac(scalar(-0.6842061124956789))))), xor(_and(_or(sqrt(scalar(0.07611981709762916)), x), abs(neg(x))), scalar(-0.7497419694290193)))))))",
      "fitness": 0.008270889573029233,
      "depth": 9,
      "nodes": 54,
      "selected": false
    }
  ]
}