{
  "generation": 6,
  "population_size": 8,
  "selected_indices": [
    3,
    2
  ],
  "text_prompt": "blue landscape",
  "individuals": [
    {
      "index": 0,
      "expression": "_if(sub(sqrt(sin(sqrt(scalar(-0.5721252240815227)))), abs(scalar(0.8782983255570211))), mult(xor(scalar(-0.9419184248502641), scalar(-0.008375517236298702)), _if(scalar(0.5218954750836411), warp(z, x, x, scalar(0.18099099658841689)), scalar(0.8443771249397749))), cos(exp(z)))",
      "fitness": 0.007445058630411831,
      "depth": 5,
      "nodes": 23,
      "selected": false
    },
    {
      "index": 1,
      "expression": "_if(sub(cos(x), abs(sub(scalar(0.7397728558447245), mdist(sin(sub(div(_or(sqrt(z), sqrt(scalar(0.9822759224672002))), frac(sin(scalar(-0.7472664926215162)))), scalar(0.06736356487348916))), _and(log(div(warp(frac(x), max(frac(x), mdist(z, scalar(-0.2721151590487918))), abs(neg(z)), z), sin(frac(sub(scalar(-0.7551190000542269), scalar(-0.8894126659437054)))))), mdist(tan(_if(warp(x, x, x, exp(scalar(-0.5811260574610562))), pow(mdist(scalar(-0.6095172227275367), scalar(-0.40607428617150365)), neg(y)), scalar(0.25125619140213495))), neg(sub(_and(frac(y), tan(z)), pow(sub(y, x), xor(y, y)))))))))), mult(xor(scalar(-0.9419184248502641), scalar(-0.008375517236298702)), _if(scalar(0.5218954750836411), warp(z, x, x, scalar(0.18099099658841689)), scalar(0.8443771249397749))), cos(exp(z)))",
      "fitness": 0.004017465772436758,
      "depth": 11,
      "nodes": 86,
      "selected": false
    },
    {
      "index": 2,
      "expression": "_if(sub(cos(x), abs(scalar(0.8782983255570211))), mult(xor(scalar(-0.9419184248502641), scalar(-0.008375517236298702)), _if(scalar(0.5218954750836411), warp(z, x, x, scalar(0.18099099658841689)), scalar(0.8443771249397749))), cos(_or(pow(warp(x, min(abs(sqrt(y)), mdist(sub(x, scalar(-0.7602277596074065)), warp(scalar(-0.41142258108440277), scalar(-0.9455867564322127), z, scalar(0.00834928080201558)))), min(mult(sin(x), neg(z)), scalar(0.4263003974360111)), tan(z)), min(y, exp(abs(neg(z))))), tan(z))))",
      "fitness": 0.009206327808446359,
      "depth": 8,
      "nodes": 53,
      "selected": true
    },
    {
      "index": 3,
      "expression": "_if(sub(cos(x), abs(scalar(0.8782983255570211))), mult(xor(scalar(-0.9419184248502641), scalar(-0.008375517236298702)), _if(scalar(0.5218954750836411), warp(z, x, x, scalar(0.18099099658841689)), scalar(0.8443771249397749))), cos(_if(z, scalar(-0.7950263679486553), x)))",
      "fitness": 0.0055053893209438785,
      "depth": 4,
      "nodes": 23,
      "selected": true
    },
    {
      "index": 4,
      "expression": "_if(sub(cos(x), abs(scalar(0.8782983255570211))), mult(xor(scalar(-0.9419184248502641), scalar(-0.008375517236298702)), _if(scalar(0.5218954750836411), warp(z, x, x, scalar(0.18099099658841689)), scalar(0.22303658736943066))), cos(exp(z)))",
      "fitness": 1.0093859328777834,
      "depth": 4,
      "nodes": 21,
      "selected": false
    },
    {
      "index": 5,
      "expression": "_if(sub(cos(x), abs(sub(scalar(0.7397728558447245), mdist(sin(sub(div(_or(sqrt(z), sqrt(scalar(0.9822759224672002))), frac(sin(scalar(-0.7472664926215162)))), abs(sin(exp(exp(cos(scalar(-0.8743621284816505)))))))), mdist(mdist(sin(sin(scalar(0.5694133539134927))), _or(pow(min(y, x), add(scalar(0.1512080260082984), x)), mdist(warp(scalar(0.19652283161513395), scalar(-0.9418553538865597), scalar(-0.7331848903476259), scalar(0.8783914406293662)), cos(z)))), cos(_and(sin(_and(x, sqrt(x))), neg(scalar(0.42055682551044504))))))))), mult(xor(scalar(-0.9419184248502641), scalar(-0.008375517236298702)), _if(scalar(0.5218954750836411), warp(z, x, x, scalar(0.18099099658841689)), scalar(0.8443771249397749))), cos(exp(z)))",
      "fitness": 1.01248324651846,
      "depth": 12,
      "nodes": 70,
      "selected": false
    },
    {
      "index": 6,
      "expression": "_if(sub(cos(x), abs(scalar(0.8782983255570211))), div(xor(scalar(-0.9419184248502641), scalar(-0.008375517236298702)), _if(scalar(0.5218954750836411), warp(z, x, x, scalar(0.18099099658841689)), scalar(0.8443771249397749))), cos(exp(z)))",
      "fitness": 1.0110884640650282,
      "depth": 4,
      "nodes": 21,
      "selected": false
    },
    {
      "index": 7,
      "expression": "_if(sub(cos(x), abs(sub(scalar(0.7397728558447245), mdist(sin(sub(div(_or(sqrt(z), sqrt(scalar(0.9822759224672002))), frac(sin(scalar(-0.7472664926215162)))), scalar(0.06736356487348916))), mdist(mdist(sin(sin(scalar(0.5694133539134927))), _or(pow(min(y, x), add(scalar(0.1512080260082984), x)), mdist(warp(scalar(0.19652283161513395), scalar(-0.9418553538865597), scalar(-0.7331848903476259), scalar(0.8783914406293662)), cos(z)))), _and(sin(_and(x, sqrt(x))), neg(scalar(0.42055682551044504)))))))), mult(xor(scalar(-0.9419184248502641), scalar(-0.008375517236298702)), _if(scalar(0.5218954750836411), warp(z, x, x, scalar(0.18099099658841689)), scalar(0.8443771249397749))), cos(exp(z)))",
      "fitness": 0.0015383586517972085,
      "depth": 10,
      "nodes": 64,
      "selected": false
    }
  ]
}