{
  "generation": 8,
  "population_size": 8,
  "selected_indices": [
    1,
    7
  ],
  "text_prompt": "blue landscape",
  "individuals": [
    {
      "index": 0,
      "expression": "_if(sub(cos(x), abs(scalar(0.8782983255570211))), warp(xor(scalar(-0.9419184248502641), scalar(-0.008375517236298702)), warp(scalar(0.5218954750836411), warp(z, x, x, scalar(0.18099099658841689)), scalar(0.8443771249397749), scalar(0.2871190247116484)), scalar(-0.8948341391443582), scalar(-0.3567089745756853)), cos(exp(z)))",
      "fitness": 0.00421519311991472,
      "depth": 4,
      "nodes": 24,
      "selected": false
    },
    {
      "index": 1,
      "expression": "_if(sub(cos(x), abs(scalar(0.8782983255570211))), mult(xor(scalar(-0.9419184248502641), scalar(-0.008375517236298702)), _if(scalar(0.5218954750836411), warp(z, x, x, scalar(0.18099099658841689)), scalar(0.8443771249397749))), cos(frac(z)))",
      "fitness": 0.006228474681151227,
      "depth": 4,
      "nodes": 21,
      "selected": true
    },
    {
      "index": 2,
      "expression": "_if(sub(cos(x), abs(sub(scalar(0.7397728558447245), mdist(sin(sub(div(_or(sqrt(z), sqrt(scalar(0.9822759224672002))), frac(sin(scalar(-0.7472664926215162)))), abs(sin(exp(exp(cos(scalar(-0.8743621284816505)))))))), mdist(mdist(sin(sin(scalar(0.5694133539134927))), _or(pow(min(y, x), add(scalar(0.1512080260082984), x)), mdist(warp(scalar(0.19652283161513395), scalar(-0.9418553538865597), scalar(-0.7331848903476259), scalar(0.8783914406293662)), cos(z)))), cos(_and(sin(_and(x, sqrt(x))), neg(scalar(0.42055682551044504))))))))), mult(xor(scalar(-0.9419184248502641), scalar(-0.008375517236298702)), _if(scalar(0.5218954750836411), xor(frac(max(mdist(mult(exp(scalar(0.9367371642575406)), tan(x)), tan(frac(y))), scalar(0.617160385963945))), cos(exp(div(mdist(warp(z, x, scalar(0.07568577171148116), x), x), mdist(xor(scalar(-0.2827466610197882), scalar(-0.006099379175213526)), warp(scalar(0.12962126725630907), scalar(-0.7242592531435692), y, y)))))), scalar(0.8443771249397749))), cos(exp(z)))",
      "fitness": 1.0068463420872986,
      "depth": 12,
      "nodes": 97,
      "selected": false
    },
    {
      "index": 3,
      "expression": "_if(sub(cos(x), abs(sub(scalar(0.7397728558447245), mdist(sin(sub(div(_or(sqrt(z), sqrt(scalar(0.9822759224672002))), frac(sin(scalar(-0.7472664926215162)))), abs(sin(exp(exp(cos(scalar(-0.8743621284816505)))))))), mdist(mdist(sin(sin(scalar(0.5694133539134927))), _or(pow(min(y, x), add(scalar(0.1512080260082984), x)), mdist(warp(scalar(0.19652283161513395), scalar(-0.9418553538865597), scalar(-0.7331848903476259), scalar(0.8783914406293662)), cos(z)))), cos(_and(sin(_and(x, sqrt(x))), neg(scalar(0.42055682551044504))))))))), mult(xor(scalar(-0.9419184248502641), scalar(-0.008375517236298702)), _if(scalar(0.5218954750836411), warp(z, x, x, scalar(0.18099099658841689)), y)), cos(exp(z)))",
      "fitness": 0.006801822690395689,
      "depth": 12,
      "nodes": 70,
      "selected": false
    },
    {
      "index": 4,
      "expression": "_if(sub(cos(x), abs(scalar(0.8782983255570211))), div(xor(scalar(-0.9419184248502641), warp(scalar(-0.008375517236298702), scalar(0.9541188071800015), z, x)), _if(scalar(0.5218954750836411), warp(z, x, x, scalar(0.18099099658841689)), scalar(-0.1184318130053168))), cos(exp(z)))",
      "fitness": 0.005147299527956216,
      "depth": 4,
      "nodes": 25,
      "selected": false
    },
    {
      "index": 5,
      "expression": "_if(sub(cos(x), abs(sub(scalar(0.7397728558447245), mdist(sin(sub(div(_or(sqrt(z), sqrt(scalar(0.9822759224672002))), sin(add(_if(cos(div(min(scalar(-0.055270066292887554), scalar(0.5928207483829484)), neg(scalar(0.002618135465217275)))), z, warp(neg(sin(scalar(-0.3655469948371517))), scalar(0.3952999319033841), scalar(-0.6082157923118763), sub(x, scalar(-0.1419642335104616)))), warp(y, pow(log(mdist(y, scalar(0.027357074228110623))), _or(sub(y, z), xor(z, y))), warp(abs(scalar(0.7854176180928636)), log(max(z, x)), y, _or(sub(z, scalar(-0.9707171091775075)), log(x))), max(scalar(0.382921487415657), cos(scalar(0.3914717240383414))))))), abs(sin(exp(exp(cos(scalar(-0.8743621284816505)))))))), mdist(mdist(sin(sin(scalar(0.5694133539134927))), _or(pow(min(y, x), add(scalar(0.1512080260082984), x)), mdist(warp(scalar(0.19652283161513395), scalar(-0.9418553538865597), scalar(-0.7331848903476259), scalar(0.8783914406293662)), cos(z)))), cos(_and(sin(_and(x, sqrt(x))), neg(scalar(0.42055682551044504))))))))), mult(xor(scalar(-0.9419184248502641), scalar(-0.008375517236298702)), _if(scalar(0.5218954750836411), warp(z, x, x, scalar(0.18099099658841689)), scalar(0.8443771249397749))), cos(exp(z)))",
      "fitness": 0.009598574660500406,
      "depth": 14,
      "nodes": 119,
      "selected": false
    },
    {
      "index": 6,
      "expression": "_if(sub(cos(x), abs(scalar(0.8782983255570211))), tan(xor(scalar(-0.9419184248502641), scalar(-0.008375517236298702))), cos(exp(z)))",
      "fitness": 0.009042876870803412,
      "depth": 3,
      "nodes": 13,
      "selected": false
    },
    {
      "index": 7,
      "expression": "_if(sub(x, abs(scalar(0.8782983255570211))), mult(xor(scalar(-0.9419184248502641), scalar(-0.008375517236298702)), _if(scalar(0.5218954750836411), warp(z, x, x, scalar(0.18099099658841689)), scalar(0.8443771249397749))), cos(exp(z)))",
      "fitness": 1.0034324042113905,
      "depth": 4,
      "nodes": 20,
      "selected": true
    }
  ]
}