{
  "generation": 2,
  "population_size": 5,
  "selected_indices": [
    1,
    0,
    4
  ],
  "text_prompt": "",
  "individuals": [
    {
      "index": 0,
      "expression": "warp(exp(exp(sin(_if(x, z, xor(neg(sqrt(sqrt(mult(exp(scalar(0.29287768800019376)), sub(scalar(0.16014114228314313), x))))), log(mult(scalar(-0.64484377907661), warp(xor(_if(scalar(-0.04234622483641326), scalar(0.12081486897597804), z), warp(scalar(0.5263886080934361), y, scalar(0.7660191387510928), scalar(0.6979822449731503))), _or(cos(z), exp(scalar(0.8833865906226239))), add(mult(y, scalar(0.08844577863657688)), sin(y)), log(_and(x, z)))))))))), sub(min(_or(log(z), abs(scalar(0.9092926068034703))), sin(div(z, scalar(-0.03779636517151963)))), min(sub(scalar(-0.030149775544531687), min(scalar(0.08021911417677163), y)), _or(tan(scalar(-0.6455774821228346)), sub(scalar(0.10205827351059837), y)))), add(xor(_and(_and(y, scalar(-0.5008815486931544)), cos(x)), min(max(scalar(0.05476079809602563), scalar(0.42317985437054584)), _or(y, scalar(-0.22688579047706026)))), neg(frac(log(scalar(0.020231961857352765))))), frac(tan(neg(abs(scalar(-0.9293479067260704))))))",
      "fitness": 0.0019016155342561492,
      "depth": 11,
      "nodes": 93,
      "selected": true
    },
    {
      "index": 1,
      "expression": "warp(exp(exp(sin(_if(x, z, scalar(0.904934776536539))))), sub(min(_or(log(z), abs(scalar(0.9092926068034703))), sin(div(z, scalar(-0.03779636517151963)))), min(sub(scalar(-0.030149775544531687), min(scalar(0.08021911417677163), y)), _or(tan(scalar(-0.6455774821228346)), sub(scalar(0.10205827351059837), y)))), add(xor(_and(_and(y, scalar(-0.5008815486931544)), cos(x)), min(max(scalar(0.05476079809602563), scalar(0.42317985437054584)), _or(y, scalar(-0.22688579047706026)))), frac(log(scalar(0.020231961857352765)))), frac(tan(neg(abs(scalar(-0.9293479067260704))))))",
      "fitness": 0.00778370469232774,
      "depth": 5,
      "nodes": 54,
      "selected": true
    },
    {
      "index": 2,
      "expression": "warp(exp(exp(sin(_if(x, z, scalar(0.904934776536539))))), sub(min(_or(log(z), abs(scalar(0.9092926068034703))), sin(div(z, scalar(-0.03779636517151963)))), min(sub(scalar(-0.030149775544531687), min(scalar(0.08021911417677163), y)), _or(tan(scalar(-0.6455774821228346)), sub(scalar(0.10205827351059837), y)))), add(xor(_and(_and(y, scalar(-0.5008815486931544)), cos(scalar(-0.6542954998495936))), min(max(scalar(0.05476079809602563), scalar(0.42317985437054584)), _or(y, scalar(-0.22688579047706026)))), neg(frac(log(scalar(0.020231961857352765))))), frac(tan(neg(abs(scalar(-0.9293479067260704))))))",
      "fitness": 1.00451688843189,
      "depth": 5,
      "nodes": 55,
      "selected": false
    },
    {
      "index": 3,
      "expression": "warp(exp(exp(sin(_if(x, z, scalar(0.904934776536539))))), sub(min(_or(log(z), abs(scalar(0.9092926068034703))), sin(scalar(-0.03779636517151963))), min(sub(scalar(-0.030149775544531687), min(scalar(0.08021911417677163), y)), _or(tan(scalar(-0.6455774821228346)), sub(scalar(0.10205827351059837), y)))), add(xor(_and(_and(y, scalar(-0.5008815486931544)), cos(x)), min(max(scalar(0.05476079809602563), scalar(0.42317985437054584)), _or(y, scalar(-0.22688579047706026)))), neg(frac(log(scalar(0.020231961857352765))))), frac(tan(neg(abs(scalar(-0.9293479067260704))))))",
      "fitness": 1.008239671374462,
      "depth": 5,
      "nodes": 53,
      "selected": false
    },
    {
      "index": 4,
      "expression": "warp(exp(exp(sin(_if(x, z, scalar(0.904934776536539))))), sub(min(_or(log(z), abs(scalar(0.9092926068034703))), sin(div(z, scalar(-0.03779636517151963)))), min(sub(scalar(-0.030149775544531687), min(scalar(0.08021911417677163), y)), _or(tan(scalar(-0.6455774821228346)), sub(scalar(0.10205827351059837), y)))), add(xor(_and(_and(y, scalar(-0.5008815486931544)), cos(x)), neg(min(mdist(scalar(-0.39040162355757735), xor(cos(mult(scalar(0.9896616828087157), z)), sin(z))), neg(max(_or(sin(scalar(0.3570963500315343)), mult(scalar(0.9489724596415576), z)), x))))), neg(frac(log(scalar(0.020231961857352765))))), frac(tan(neg(abs(scalar(-0.9293479067260704))))))",
      "fitness": 1.0007856509407413,
      "depth": 9,
      "nodes": 68,
      "selected": true
    }
  ]
}