{
  "generation": 18,
  "population_size": 11,
  "selected_indices": [
    10,
    8,
    5,
    1
  ],
  "text_prompt": "ble landscape",
  "individuals": [
    {
      "index": 0,
      "expression": "frac(xor(warp(neg(_or(_if(_and(z, x), tan(scalar(0.02217751637666754)), pow(y, z)), _or(x, scalar(0.1917392933352129)))), sqrt(warp(_or(scalar(-0.7145467385073756), y), abs(pow(sqrt(mdist(abs(neg(frac(xor(scalar(-0.4598907410646278), scalar(0.8627541784113206))))), sin(xor(scalar(0.3915198460756504), x)))), scalar(0.3319097988016504))), z, add(neg(y), scalar(0.9082461338847103)))), max(log(scalar(0.49720363289477243)), _and(add(_and(x, scalar(0.7504485134647318)), warp(z, x, scalar(0.6002075360621197), z)), scalar(-0.30187264979313166))), sin(scalar(-0.3790691602788101))), scalar(0.2643680935602588)))",
      "fitness": 0.008639783517687055,
      "depth": 13,
      "nodes": 59,
      "selected": false
    },
    {
      "index": 1,
      "expression": "frac(div(scalar(-0.7596336090014264), xor(warp(neg(_or(_if(_and(z, x), tan(scalar(0.02217751637666754)), pow(y, z)), _or(x, scalar(0.1917392933352129)))), sqrt(warp(_or(scalar(-0.7145467385073756), y), abs(pow(tan(x), scalar(0.3319097988016504))), z, add(neg(y), scalar(0.9082461338847103)))), max(log(tan(cos(scalar(-0.04074073537654943)))), _and(add(_and(scalar(-0.6285225427958387), scalar(0.7504485134647318)), warp(z, x, scalar(0.6002075360621197), z)), scalar(-0.30187264979313166))), sin(scalar(-0.3790691602788101))), scalar(0.2643680935602588))))",
      "fitness": 1.0055270797484683,
      "depth": 9,
      "nodes": 53,
      "selected": true
    },
    {
      "index": 2,
      "expression": "frac(xor(warp(neg(_or(_if(_and(z, x), tan(scalar(0.02217751637666754)), pow(y, z)), _or(x, scalar(0.1917392933352129)))), sqrt(warp(_or(scalar(-0.7145467385073756), y), abs(pow(tan(x), scalar(0.3319097988016504))), z, add(neg(y), scalar(0.9082461338847103)))), max(log(tan(cos(scalar(-0.04074073537654943)))), _and(add(_and(x, scalar(0.7504485134647318)), warp(z, x, scalar(0.6002075360621197), z)), scalar(-0.30187264979313166))), sin(scalar(-0.3790691602788101))), scalar(0.2643680935602588)))",
      "fitness": 0.009268560812580718,
      "depth": 8,
      "nodes": 51,
      "selected": false
    },
    {
      "index": 3,
      "expression": "frac(xor(warp(neg(_or(_if(_and(z, x), tan(scalar(0.02217751637666754)), pow(y, z)), _or(x, scalar(0.1917392933352129)))), sqrt(warp(_or(scalar(-0.7145467385073756), y), abs(pow(tan(x), scalar(0.3319097988016504))), z, add(neg(y), scalar(0.9082461338847103)))), max(log(cos(scalar(-0.04074073537654943))), _and(add(_and(x, scalar(0.7504485134647318)), warp(z, x, scalar(0.6002075360621197), z)), scalar(-0.30187264979313166))), sin(scalar(-0.3790691602788101))), scalar(0.2643680935602588)))",
      "fitness": 0.008486205639222576,
      "depth": 8,
      "nodes": 50,
      "selected": false
    },
    {
      "index": 4,
      "expression": "frac(xor(warp(neg(_or(_if(_and(z, x), tan(scalar(0.02217751637666754)), pow(y, z)), _or(x, scalar(0.1917392933352129)))), sqrt(warp(_or(scalar(-0.7145467385073756), y), abs(pow(tan(x), scalar(0.3319097988016504))), add(abs(frac(scalar(-0.7998717751741251))), xor(log(scalar(0.43054557230574453)), abs(z))), add(neg(y), scalar(0.9082461338847103)))), max(log(scalar(0.49720363289477243)), _and(add(_and(x, scalar(0.7504485134647318)), warp(z, x, scalar(0.6002075360621197), z)), scalar(-0.30187264979313166))), sin(scalar(-0.3790691602788101))), scalar(0.2643680935602588)))",
      "fitness": 1.0105266269234336,
      "depth": 8,
      "nodes": 57,
      "selected": false
    },
    {
      "index": 5,
      "expression": "frac(div(scalar(-0.7596336090014264), xor(warp(neg(_or(_if(_and(z, x), tan(scalar(0.02217751637666754)), pow(y, z)), _or(x, scalar(0.1917392933352129)))), sqrt(warp(_or(scalar(-0.7145467385073756), y), abs(tan(x)), z, add(neg(y), scalar(0.9082461338847103)))), max(log(tan(cos(scalar(-0.04074073537654943)))), _and(add(_and(x, scalar(0.7504485134647318)), warp(z, x, scalar(0.6002075360621197), z)), scalar(-0.30187264979313166))), sin(scalar(-0.3790691602788101))), scalar(0.2643680935602588))))",
      "fitness": 0.0020487728443506865,
      "depth": 8,
      "nodes": 51,
      "selected": true
    },
    {
      "index": 6,
      "expression": "frac(xor(warp(neg(_or(_if(_and(z, x), tan(scalar(0.02217751637666754)), pow(y, z)), _or(x, scalar(0.1917392933352129)))), sqrt(warp(_or(scalar(-0.7145467385073756), y), abs(pow(tan(x), scalar(0.3319097988016504))), z, scalar(0.9082461338847103))), max(log(scalar(0.49720363289477243)), _and(add(_and(x, scalar(0.7504485134647318)), warp(z, x, scalar(0.6002075360621197), z)), scalar(-0.30187264979313166))), sin(scalar(-0.3790691602788101))), scalar(0.2643680935602588)))",
      "fitness": 0.0034176320103227967,
      "depth": 8,
      "nodes": 46,
      "selected": false
    },
    {
      "index": 7,
      "expression": "frac(xor(warp(neg(_or(_if(_and(z, x), tan(scalar(0.02217751637666754)), pow(y, _and(warp(x, abs(frac(cos(_and(scalar(0.7704737581632934), z)))), div(max(max(sqrt(scalar(-0.7858854748934829)), warp(z, scalar(-0.8480818165435979), scalar(0.16089550799143137), scalar(0.9557517516811149))), x), sub(_and(min(scalar(-0.9962188319416541), scalar(0.932378812924858)), frac(x)), _and(y, max(z, y)))), log(log(neg(_or(scalar(0.37811516758699226), scalar(0.6097061520400566)))))), exp(warp(_or(mult(tan(scalar(0.18978469481354532)), scalar(-0.009919585454406965)), y), z, scalar(-0.8097808002731799), scalar(-0.8043033384621405)))))), _or(x, scalar(0.1917392933352129)))), sqrt(warp(_or(scalar(-0.7145467385073756), y), abs(pow(tan(x), scalar(0.3319097988016504))), z, add(neg(y), scalar(0.9082461338847103)))), max(log(scalar(0.49720363289477243)), _and(add(_and(x, scalar(0.7504485134647318)), warp(z, x, scalar(0.6002075360621197), z)), scalar(-0.30187264979313166))), sin(scalar(-0.3790691602788101))), scalar(0.2643680935602588)))",
      "fitness": 0.004867992953050574,
      "depth": 13,
      "nodes": 97,
      "selected": false
    },
    {
      "index": 8,
      "expression": "frac(div(scalar(-0.7596336090014264), xor(warp(neg(_or(_if(_and(z, x), tan(scalar(0.02217751637666754)), pow(y, z)), _or(x, scalar(0.1917392933352129)))), sqrt(warp(_or(scalar(-0.7145467385073756), y), abs(pow(tan(x), scalar(0.3319097988016504))), z, add(neg(y), scalar(0.9082461338847103)))), max(log(tan(cos(scalar(-0.8977325255579851)))), _and(add(_and(x, scalar(0.7504485134647318)), warp(z, x, scalar(0.6002075360621197), z)), scalar(-0.30187264979313166))), sin(scalar(-0.3790691602788101))), scalar(0.2643680935602588))))",
      "fitness": 1.0078271598719821,
      "depth": 9,
      "nodes": 53,
      "selected": true
    },
    {
      "index": 9,
      "expression": "frac(xor(warp(neg(_or(_if(_and(z, x), tan(scalar(0.02217751637666754)), pow(y, z)), _or(x, scalar(0.1917392933352129)))), sqrt(warp(_or(scalar(-0.7145467385073756), y), abs(div(min(mdist(scalar(0.597242061179529), sub(sub(cos(scalar(0.6023202538414676)), sub(y, scalar(0.4155948848628388))), scalar(-0.15349909858584576))), scalar(-0.5240531980328884)), pow(sqrt(neg(add(_or(scalar(-0.6733700549122048), scalar(-0.16142231307004762)), y))), warp(div(min(add(y, scalar(0.42587745694894896)), add(scalar(0.45218673238914864), scalar(-0.13898790465450195))), cos(add(z, x))), scalar(-0.07790103291716255), pow(x, y), _and(_if(mdist(z, scalar(-0.8938739573232708)), scalar(0.38226040085232116), mult(x, scalar(0.8913968308698965))), mult(scalar(0.7758484700381802), mdist(scalar(0.5514978138319271), z))))))), z, add(neg(y), scalar(0.9082461338847103)))), max(log(scalar(0.49720363289477243)), _and(add(_and(x, scalar(0.7504485134647318)), warp(z, x, scalar(0.6002075360621197), z)), scalar(-0.30187264979313166))), sin(scalar(-0.3790691602788101))), scalar(0.2643680935602588)))",