{
  "generation": 2,
  "population_size": 11,
  "selected_indices": [
    2,
    1,
    9
  ],
  "text_prompt": "",
  "individuals": [
    {
      "index": 0,
      "expression": "sin(pow(abs(mdist(tan(mult(x, scalar(0.6222781239010351))), sub(div(scalar(0.34891013944752647), z), min(z, z)))), _if(_and(add(_and(scalar(0.07641747911227026), scalar(-0.23152759584542282)), log(scalar(-0.41756942517773066))), tan(pow(scalar(-0.7914500039707728), scalar(0.7323367147331441)))), div(sqrt(z), cos(_or(x, y))), abs(tan(xor(scalar(0.6522399766007074), x))))))",
      "fitness": 0.006617441271282973,
      "depth": 6,
      "nodes": 39,
      "selected": false
    },
    {
      "index": 1,
      "expression": "sin(pow(abs(mdist(tan(mult(x, scalar(0.6222781239010351))), sub(div(scalar(0.34891013944752647), z), min(mdist(sin(sin(scalar(0.5694133539134927))), _or(pow(min(mult(_and(x, scalar(0.1512080260082984)), _if(z, scalar(0.5938209838196766), scalar(0.19652283161513395))), sin(scalar(0.12555106183003706))), exp(tan(scalar(-0.4685415668091504)))), scalar(0.05275487364876552))), z)))), _if(_and(add(_and(scalar(0.07641747911227026), scalar(0.011776966469469574)), log(scalar(-0.41756942517773066))), tan(pow(scalar(-0.7914500039707728), scalar(0.7323367147331441)))), div(div(mdist(scalar(0.8523308840101902), scalar(0.13193303468440853)), log(scalar(0.06858837492864134))), cos(_or(x, y))), abs(tan(xor(scalar(0.6522399766007074), x))))))",
      "fitness": 1.0007474768954607,
      "depth": 12,
      "nodes": 63,
      "selected": true
    },
    {
      "index": 2,
      "expression": "sin(pow(abs(mdist(tan(mult(x, scalar(0.6222781239010351))), sub(div(scalar(0.34891013944752647), z), min(z, z)))), _if(_and(add(_and(scalar(0.07641747911227026), scalar(0.011776966469469574)), log(scalar(-0.41756942517773066))), tan(pow(scalar(-0.7914500039707728), scalar(0.7323367147331441)))), div(div(mdist(scalar(0.8523308840101902), min(pow(max(frac(_if(xor(scalar(-0.6223490566289316), scalar(0.6816040873253337)), neg(scalar(0.5406650212513886)), pow(scalar(0.02013677054989138), y))), y), z), abs(max(mdist(sqrt(sqrt(scalar(0.8792522373582057))), sin(warp(y, scalar(0.17253531724701565), x, scalar(-0.15164399540222773)))), add(mult(xor(z, scalar(-0.8199373357542818)), scalar(0.5630796905254278)), pow(mult(scalar(-0.2910064884320611), scalar(-0.6558520523599889)), div(y, y))))))), log(scalar(0.06858837492864134))), cos(_or(x, y))), abs(tan(xor(scalar(0.6522399766007074), x))))))",
      "fitness": 0.00396286070951155,
      "depth": 12,
      "nodes": 82,
      "selected": true
    },
    {
      "index": 3,
      "expression": "_if(mdist(warp(warp(_and(warp(x, x, scalar(0.6979822449731503), scalar(0.4728362331506364)), cos(z)), exp(scalar(0.43919534620270295)), pow(warp(scalar(-0.6704036959376503), x, x, scalar(-0.4935525036496995)), x), div(tan(z), _and(scalar(0.9424150563925626), scalar(-0.13415681723892736)))), scalar(0.8177695198054091), cos(sqrt(cos(y))), sqrt(scalar(-0.9579306538282575))), tan(log(max(scalar(0.5148393251133296), _or(x, y))))), cos(sub(frac(cos(abs(scalar(0.09057417953629199)))), warp(z, neg(min(y, scalar(-0.10089571252148222))), mult(xor(x, y), sqrt(scalar(0.196328397427322))), sin(z)))), neg(max(_or(sin(z), neg(mdist(z, z))), _and(_if(warp(scalar(0.4425686691591446), scalar(-0.2053649457920539), scalar(-0.8531743017535529), x), log(y), sqrt(scalar(-0.4812982904234071))), y))))",
      "fitness": 0.00019855015706370495,
      "depth": 6,
      "nodes": 82,
      "selected": false
    },
    {
      "index": 4,
      "expression": "_if(mdist(warp(warp(_and(warp(x, x, scalar(0.6979822449731503), scalar(0.4728362331506364)), cos(z)), exp(scalar(0.43919534620270295)), pow(warp(scalar(-0.6704036959376503), x, x, z), x), div(tan(z), _and(scalar(0.9424150563925626), scalar(-0.13415681723892736)))), scalar(0.8177695198054091), cos(sqrt(cos(y))), sqrt(scalar(-0.9579306538282575))), tan(log(max(scalar(0.5148393251133296), _or(x, y))))), cos(sub(frac(cos(abs(scalar(0.09057417953629199)))), warp(z, neg(min(y, scalar(-0.10089571252148222))), mult(xor(x, y), sqrt(scalar(0.196328397427322))), sin(z)))), neg(max(_or(sin(z), neg(mdist(z, z))), _and(_if(warp(scalar(0.4425686691591446), scalar(-0.2053649457920539), scalar(-0.8531743017535529), x), log(x), sqrt(scalar(-0.4812982904234071))), y))))",
      "fitness": 0.004463327443148681,
      "depth": 6,
      "nodes": 82,
      "selected": false
    },
    {
      "index": 5,
      "expression": "_if(mdist(warp(warp(_and(warp(x, x, scalar(0.6979822449731503), scalar(0.4728362331506364)), cos(z)), exp(scalar(0.43919534620270295)), pow(warp(scalar(-0.6704036959376503), x, x, z), x), div(tan(z), _and(scalar(0.9424150563925626), scalar(-0.13415681723892736)))), scalar(0.8177695198054091), cos(sqrt(cos(y))), sqrt(scalar(-0.9579306538282575))), tan(log(max(scalar(0.5148393251133296), _or(x, y))))), cos(sub(frac(cos(abs(scalar(0.09057417953629199)))), warp(z, neg(min(y, scalar(-0.10089571252148222))), mult(xor(x, y), sqrt(scalar(0.196328397427322))), sin(z)))), neg(max(_or(sin(z), neg(mdist(z, z))), _and(_if(warp(scalar(0.4425686691591446), scalar(-0.2053649457920539), scalar(-0.8531743017535529), x), log(y), sqrt(scalar(-0.4812982904234071))), y))))",
      "fitness": 0.0011796632864457934,
      "depth": 6,
      "nodes": 82,
      "selected": false
    },
    {
      "index": 6,
      "expression": "cos(sub(frac(cos(abs(scalar(0.09057417953629199)))), warp(z, neg(min(y, scalar(-0.10089571252148222))), mult(xor(x, y), sqrt(scalar(0.196328397427322))), sin(z))))",
      "fitness": 1.0041577305821585,
      "depth": 5,
      "nodes": 20,
      "selected": false
    },
    {
      "index": 7,
      "expression": "sqrt(cos(mult(exp(abs(neg(abs(scalar(-0.7234317720898042))))), scalar(-0.20440537387025448))))",
      "fitness": 0.0028889836966113102,
      "depth": 7,
      "nodes": 9,
      "selected": false
    },
    {
      "index": 8,
      "expression": "_if(mdist(warp(warp(_and(warp(x, x, scalar(0.6979822449731503), scalar(0.4728362331506364)), cos(z)), exp(scalar(0.43919534620270295)), pow(warp(scalar(-0.6704036959376503), x, x, z), x), div(tan(z), _and(scalar(0.9424150563925626), scalar(-0.13415681723892736)))), scalar(0.8177695198054091), cos(sqrt(cos(y))), sqrt(scalar(-0.9579306538282575))), tan(log(max(scalar(0.5148393251133296), _or(x, y))))), cos(sub(frac(cos(abs(scalar(0.09057417953629199)))), warp(z, neg(min(y, scalar(-0.10089571252148222))), mult(xor(x, y), sqrt(scalar(0.196328397427322))), sin(z)))), neg(max(_or(sin(z), neg(mdist(z, z))), _and(_if(scalar(-0.2053649457920539), log(y), sqrt(scalar(-0.4812982904234071))), y))))",
      "fitness": 0.002451667374764286,
      "depth": 6,
      "nodes": 78,
      "selected": false
    },
    {
      "index": 9,
      "expression": "add(_or(cos(log(_if(div(scalar(0.26005207893989146), x), tan(y), pow(y, scalar(0.19801341698391806))))), exp(exp(sub(sqrt(scalar(0.056962992103507526)), x)))), pow(cos(scalar(-0.8239424730053151)), add(xor(z, max(abs(y), _if(scalar(0.3613811079509921), y, scalar(-0.24144692684524105)))), scalar(0.7972193028029946))))",
      "fitness": 1.0032083321952845,
      "depth": 6,
      "nodes": 33,
      "selected": true
    },
    {
      "index": 10,
      "expression": "scalar(0.3826044833967237)",
      "fitness": 0.00848139823481647,
      "depth": 0,
      "nodes": 1,
      "selected": false
    }
  ]
}