{
  "generation": 11,
  "population_size": 11,
  "selected_indices": [
    0,
    2,
    3,
    10
  ],
  "text_prompt": "ble landscape",
  "individuals": [
    {
      "index": 0,
      "expression": "frac(xor(warp(neg(_or(_if(_and(z, x), tan(scalar(0.02217751637666754)), pow(y, z)), _or(x, scalar(0.1917392933352129)))), sqrt(warp(_or(scalar(-0.7145467385073756), y), abs(pow(tan(x), scalar(0.3319097988016504))), z, add(neg(y), scalar(0.9082461338847103)))), max(log(tan(min(abs(log(max(x, z))), sub(sqrt(min(scalar(-0.414520625839252), mdist(frac(scalar(0.9431209089922752)), div(x, scalar(0.5150697134611186))))), _or(frac(_if(z, cos(scalar(-0.9371675460971471)), x)), sub(_or(_or(scalar(-0.3343726044755415), scalar(0.03313349928410303)), pow(scalar(0.15846435368746015), x)), min(sin(z), scalar(0.9318313870124646)))))))), _and(add(_and(x, scalar(0.7504485134647318)), warp(z, x, scalar(0.6002075360621197), z)), scalar(-0.30187264979313166))), sin(scalar(-0.3790691602788101))), scalar(0.2643680935602588)))",
      "fitness": 0.0037961185036066705,
      "depth": 12,
      "nodes": 84,
      "selected": true
    },
    {
      "index": 1,
      "expression": "frac(xor(warp(neg(_or(_if(_and(z, x), tan(scalar(0.02217751637666754)), pow(y, z)), _or(x, scalar(0.1917392933352129)))), sqrt(warp(_or(scalar(0.004887656960907316), y), abs(pow(tan(x), scalar(0.3319097988016504))), z, add(neg(y), scalar(0.9082461338847103)))), max(log(scalar(0.49720363289477243)), _and(add(_and(x, scalar(0.7504485134647318)), warp(z, x, scalar(0.6002075360621197), z)), scalar(-0.30187264979313166))), sin(scalar(-0.3790691602788101))), scalar(0.2643680935602588)))",
      "fitness": 0.00830722281934754,
      "depth": 8,
      "nodes": 49,
      "selected": false
    },
    {
      "index": 2,
      "expression": "frac(xor(warp(neg(_or(_if(_and(z, x), tan(scalar(0.02217751637666754)), pow(y, z)), _or(x, scalar(0.1917392933352129)))), sqrt(warp(_or(scalar(-0.7145467385073756), y), abs(pow(tan(x), scalar(0.3319097988016504))), z, add(neg(y), scalar(0.9082461338847103)))), max(log(z), _and(add(_and(x, scalar(0.7504485134647318)), warp(z, x, scalar(0.6002075360621197), z)), scalar(-0.30187264979313166))), sin(scalar(-0.3790691602788101))), scalar(0.2643680935602588)))",
      "fitness": 0.005816720242758827,
      "depth": 8,
      "nodes": 49,
      "selected": true
    },
    {
      "index": 3,
      "expression": "frac(xor(warp(neg(_or(_if(_and(z, x), tan(scalar(0.02217751637666754)), pow(y, z)), _or(x, scalar(0.1917392933352129)))), sqrt(warp(_or(scalar(-0.7145467385073756), y), abs(xor(x, pow(tan(x), scalar(0.3319097988016504)))), z, add(neg(y), scalar(0.9082461338847103)))), max(log(tan(cos(scalar(-0.04074073537654943)))), _and(add(_and(x, scalar(0.7504485134647318)), warp(z, x, scalar(0.6002075360621197), z)), scalar(-0.30187264979313166))), sin(scalar(-0.3790691602788101))), scalar(0.2643680935602588)))",
      "fitness": 0.008482984919920047,
      "depth": 9,
      "nodes": 53,
      "selected": true
    },
    {
      "index": 4,
      "expression": "frac(warp(abs(z), log(x), _if(_if(z, _and(mult(min(tan(z), exp(z)), div(log(scalar(0.6550813100568631)), z)), add(pow(log(scalar(-0.8646843906265187)), exp(scalar(-0.85846727120423))), div(mult(scalar(-0.16115183536694921), x), scalar(0.8861251640640262)))), pow(sqrt(scalar(0.7739501182177442)), sin(mult(mult(scalar(-0.8582300424005644), scalar(-0.32485361791981915)), tan(z))))), neg(y), cos(_and(y, cos(abs(min(scalar(0.8629599431101245), z)))))), sqrt(cos(xor(sin(mult(scalar(-0.4005143464731009), x)), log(z))))))",
      "fitness": 0.00925841644490864,
      "depth": 8,
      "nodes": 60,
      "selected": false
    },
    {
      "index": 5,
      "expression": "frac(xor(warp(neg(_or(_if(_and(z, x), tan(scalar(0.02217751637666754)), pow(y, neg(z))), _or(x, scalar(0.1917392933352129)))), sqrt(warp(_or(scalar(-0.7145467385073756), y), abs(pow(tan(x), scalar(0.3319097988016504))), z, add(neg(y), scalar(0.9082461338847103)))), max(log(scalar(0.49720363289477243)), _and(add(_and(x, scalar(0.7504485134647318)), warp(z, x, scalar(0.6002075360621197), z)), scalar(-0.30187264979313166))), sin(scalar(-0.3790691602788101))), scalar(0.2643680935602588)))",
      "fitness": 1.0007955334899208,
      "depth": 8,
      "nodes": 50,
      "selected": false
    },
    {
      "index": 6,
      "expression": "frac(xor(warp(neg(_or(_if(_and(z, sub(x, z)), tan(scalar(0.02217751637666754)), pow(y, z)), _or(x, scalar(0.1917392933352129)))), sqrt(warp(_or(scalar(-0.7145467385073756), y), abs(pow(tan(x), scalar(0.3319097988016504))), z, add(neg(y), scalar(0.9082461338847103)))), max(log(tan(cos(scalar(-0.04074073537654943)))), _and(add(_and(x, scalar(0.7504485134647318)), warp(z, x, scalar(0.6002075360621197), z)), scalar(-0.30187264979313166))), sin(scalar(-0.3790691602788101))), scalar(0.2643680935602588)))",
      "fitness": 0.005094263419225678,
      "depth": 8,
      "nodes": 53,
      "selected": false
    },
    {
      "index": 7,
      "expression": "frac(xor(warp(neg(_or(_if(_and(z, x), tan(scalar(0.02217751637666754)), _if(y, z, y)), cos(_or(x, scalar(0.1917392933352129))))), sqrt(abs(tan(x))), max(log(scalar(0.49720363289477243)), xor(_if(_and(xor(log(pow(z, scalar(-0.012047368534783276))), sin(frac(scalar(-0.753958557420735)))), sqrt(_or(log(x), pow(scalar(-0.7397163923559233), y)))), max(_or(pow(mdist(z, scalar(-0.09404772254268345)), sub(z, z)), max(_or(y, x), z)), cos(frac(_if(scalar(-0.45001385591831133), scalar(-0.38632045253245595), scalar(-0.8118146944169606))))), cos(sin(_and(mult(y, y), div(scalar(0.4955608109754568), scalar(-0.3180479922565078)))))), x)), sin(scalar(-0.3790691602788101))), scalar(0.2643680935602588)))",
      "fitness": 1.0078835480758965,
      "depth": 10,
      "nodes": 77,
      "selected": false
    },
    {
      "index": 8,
      "expression": "xor(warp(_or(_if(_and(z, x), tan(scalar(0.02217751637666754)), pow(y, x)), _or(x, scalar(0.1917392933352129))), sqrt(warp(_or(scalar(-0.7145467385073756), y), abs(pow(tan(x), scalar(0.3319097988016504))), z, add(neg(y), scalar(0.9082461338847103)))), max(log(scalar(0.49720363289477243)), _and(add(_and(x, scalar(0.7504485134647318)), warp(scalar(0.48190682835476784), x, scalar(0.6002075360621197), z)), scalar(-0.30187264979313166))), sin(scalar(-0.3790691602788101))), scalar(0.2643680935602588))",
      "fitness": 0.0064400509880810745,
      "depth": 7,
      "nodes": 47,
      "selected": false
    },
    {
      "index": 9,
      "expression": "frac(xor(warp(neg(_or(_if(_and(z, x), tan(scalar(0.02217751637666754)), pow(y, z)), _or(x, scalar(0.1917392933352129)))), sqrt(warp(_or(min(z, scalar(-0.7145467385073756)), y), abs(pow(tan(x), scalar(0.3319097988016504))), z, add(neg(y), scalar(0.9082461338847103)))), max(log(tan(cos(scalar(-0.04074073537654943)))), _and(add(_and(x, scalar(0.7504485134647318)), warp(z, x, scalar(0.6002075360621197), z)), scalar(-0.30187264979313166))), sin(scalar(-0.3790691602788101))), scalar(0.2643680935602588)))",
      "fitness": 1.0034829218446566,
      "depth": 8,
      "nodes": 53,
      "selected": false
    },
    {
      "index": 10,
      "expression": "frac(xor(warp(neg(_or(_if(_and(z, x), tan(scalar(0.02217751637666754)), pow(y, z)), _or(x, scalar(0.1917392933352129)))), sqrt(warp(_or(scalar(-0.7145467385073756), y), abs(pow(tan(x), scalar(0.3319097988016504))), z, add(neg(y), scalar(0.9082461338847103)))), max(log(tan(cos(scalar(-0.04074073537654943)))), _and(add(_and(x, scalar(0.7504485134647318)), warp(z, x, scalar(0.6002075360621197), z)), scalar(-0.30187264979313166))), sin(scalar(-0.3790691602788101))), scalar(0.2643680935602588)))",
      "fitness": 0.008900151025402397,
      "depth": 8,
      "nodes": 51,
      "selected": true
    }
  ]
}