{
  "generation": 2,
  "population_size": 4,
  "selected_indices": [
    2,
    1,
    0
  ],
  "text_prompt": "",
  "individuals": [
    {
      "index": 0,
      "expression": "exp(mult(sin(xor(neg(sqrt(z)), sin(_or(scalar(-0.21020398028340082), y)))), xor(sqrt(warp(neg(add(x, x)), max(_and(y, y), exp(scalar(-0.9830394750726623))), add(sub(z, scalar(0.7397728558447245)), tan(y)), frac(min(scalar(0.7931314920328574), y)))), cos(xor(mult(scalar(-0.34930869024800737), y), abs(scalar(0.6222781239010351)))))))",
      "fitness": 0.007872740150230626,
      "depth": 7,
      "nodes": 41,
      "selected": true
    },
    {
      "index": 1,
      "expression": "exp(_or(sin(xor(neg(cos(mdist(x, scalar(0.7310912954775095)))), sin(_or(scalar(-0.21020398028340082), y)))), xor(sqrt(warp(neg(add(x, x)), max(_and(y, y), exp(scalar(-0.9830394750726623))), add(sub(z, scalar(0.7397728558447245)), tan(y)), frac(min(scalar(0.7931314920328574), y)))), cos(xor(mult(scalar(-0.34930869024800737), y), abs(scalar(0.6222781239010351)))))))",
      "fitness": 0.0015201682363792535,
      "depth": 7,
      "nodes": 43,
      "selected": true
    },
    {
      "index": 2,
      "expression": "exp(_or(sin(xor(neg(sqrt(z)), sin(_or(scalar(-0.21020398028340082), y)))), xor(sqrt(warp(neg(add(x, x)), max(_and(y, y), exp(scalar(-0.9830394750726623))), add(sub(z, scalar(0.7397728558447245)), tan(y)), frac(scalar(0.7931314920328574)))), cos(xor(mult(scalar(-0.34930869024800737), y), abs(scalar(0.6222781239010351)))))))",
      "fitness": 1.0052317915719424,
      "depth": 7,
      "nodes": 39,
      "selected": true
    },
    {
      "index": 3,
      "expression": "exp(_or(sin(xor(neg(sqrt(sqrt(mult(exp(scalar(0.29287768800019376)), sub(scalar(0.16014114228314313), x))))), log(mult(scalar(-0.64484377907661), warp(xor(_if(scalar(-0.04234622483641326), scalar(0.12081486897597804), z), warp(scalar(0.5263886080934361), y, scalar(0.7660191387510928), scalar(0.6979822449731503))), _or(cos(z), exp(scalar(0.8833865906226239))), add(mult(y, scalar(0.08844577863657688)), sin(y)), log(_and(x, z))))))), xor(sqrt(warp(neg(add(x, x)), max(_and(y, y), exp(scalar(-0.9830394750726623))), add(sub(z, scalar(0.7397728558447245)), tan(y)), frac(min(scalar(0.7931314920328574), y)))), cos(xor(mult(scalar(-0.34930869024800737), y), abs(scalar(0.6222781239010351)))))))",
      "fitness": 1.0082092578544513,
      "depth": 9,
      "nodes": 72,
      "selected": false
    }
  ]
}