{
  "generation": 4,
  "population_size": 11,
  "selected_indices": [
    8,
    10,
    0
  ],
  "text_prompt": "ble landscape",
  "individuals": [
    {
      "index": 0,
      "expression": "frac(xor(warp(neg(_or(_if(_and(z, x), tan(scalar(0.02217751637666754)), _if(y, z, y)), cos(_or(x, scalar(0.1917392933352129))))), sqrt(abs(tan(x))), max(log(scalar(0.49720363289477243)), _and(add(_and(x, scalar(0.7504485134647318)), warp(z, x, scalar(0.6002075360621197), z)), scalar(-0.30187264979313166))), sin(scalar(-0.3790691602788101))), scalar(0.2643680935602588)))",
      "fitness": 1.0112938285483293,
      "depth": 7,
      "nodes": 40,
      "selected": true
    },
    {
      "index": 1,
      "expression": "frac(warp(abs(z), log(x), div(sub(xor(_if(z, pow(mdist(scalar(-0.8642697503079702), y), scalar(-0.4765067110117467)), xor(tan(scalar(-0.5971149288985032)), add(scalar(-0.7182217454604447), z))), sin(sin(neg(x)))), min(scalar(0.6616158007706243), mdist(abs(scalar(-0.4554486922085397)), mult(_if(z, scalar(0.7725872922930808), scalar(-0.4126173231979493)), cos(scalar(0.590646596092465)))))), cos(scalar(-0.6048395838264806))), sqrt(cos(xor(sin(mult(scalar(-0.4005143464731009), x)), log(z))))))",
      "fitness": 0.0008113033371578558,
      "depth": 8,
      "nodes": 49,
      "selected": false
    },
    {
      "index": 2,
      "expression": "frac(xor(warp(neg(_or(_if(_and(z, x), tan(scalar(0.02217751637666754)), _if(y, z, y)), cos(_or(x, scalar(0.1917392933352129))))), sqrt(warp(sqrt(scalar(-0.7145467385073756)), abs(tan(x)), _and(sin(exp(frac(_or(warp(scalar(-0.14569270159341463), scalar(0.022159486178440435), scalar(-0.8144623881839945), x), abs(x))))), _and(scalar(0.7240113334288913), pow(xor(exp(_or(x, scalar(-0.28157514028007147))), sqrt(scalar(-0.08333662804329545))), log(pow(mult(scalar(-0.5712298417454), scalar(-0.8916270674289)), mult(y, y)))))), add(neg(y), scalar(0.9082461338847103)))), max(log(scalar(0.49720363289477243)), _and(add(_and(x, scalar(0.7504485134647318)), warp(z, x, scalar(0.6002075360621197), z)), scalar(-0.30187264979313166))), sin(scalar(-0.3790691602788101))), scalar(0.2643680935602588)))",
      "fitness": 0.0030878516843832584,
      "depth": 11,
      "nodes": 77,
      "selected": false
    },
    {
      "index": 3,
      "expression": "frac(xor(add(neg(_or(_if(_and(z, x), tan(scalar(0.02217751637666754)), pow(y, z)), _or(x, scalar(0.1917392933352129)))), sqrt(warp(sqrt(scalar(-0.7145467385073756)), abs(pow(tan(x), scalar(0.3319097988016504))), z, add(neg(y), scalar(0.9082461338847103))))), scalar(0.2643680935602588)))",
      "fitness": 0.008675491259558066,
      "depth": 8,
      "nodes": 32,
      "selected": false
    },
    {
      "index": 4,
      "expression": "frac(warp(abs(z), log(x), frac(frac(_or(abs(sqrt(neg(_if(max(_or(scalar(-0.4667839776478322), sub(sin(x), mdist(scalar(0.5495579236381458), x))), mdist(exp(_or(y, scalar(0.13349675744491463))), exp(mult(scalar(-0.2276007766094006), x)))), sin(x), frac(abs(xor(max(y, y), log(_or(x, scalar(0.1917392933352129)))))))))), min(cos(x), max(y, scalar(0.44704615112933954)))))), sqrt(cos(_if(_if(xor(scalar(-0.2809971043247095), mult(log(log(scalar(-0.9288067839150951))), scalar(0.9397085565604026))), frac(max(cos(neg(scalar(-0.8817792096695889))), scalar(0.4116923875550147))), tan(min(scalar(0.7313348113297253), scalar(0.9318541935823472)))), tan(mdist(scalar(0.6461166731001031), log(max(warp(y, scalar(-0.9746334900446916), x, x), max(scalar(-0.30402586938979503), x))))), exp(tan(sub(max(neg(z), cos(scalar(-0.6994613842889601))), exp(_or(scalar(0.7707288921673023), scalar(0.08078362631167679)))))))))))",
      "fitness": 0.006657896553105605,
      "depth": 14,
      "nodes": 95,
      "selected": false
    },
    {
      "index": 5,
      "expression": "frac(xor(warp(neg(_or(_if(_and(z, x), tan(scalar(0.02217751637666754)), pow(y, z)), cos(_or(x, scalar(0.1917392933352129))))), sqrt(warp(add(x, sqrt(scalar(-0.7145467385073756))), abs(tan(x)), z, add(neg(y), scalar(0.9082461338847103)))), max(log(scalar(0.49720363289477243)), _and(add(_and(x, scalar(0.7504485134647318)), warp(z, x, scalar(0.6002075360621197), z)), scalar(-0.30187264979313166))), sin(scalar(-0.3790691602788101))), scalar(0.2643680935602588)))",
      "fitness": 0.005204866531075028,
      "depth": 7,
      "nodes": 49,
      "selected": false
    },
    {
      "index": 6,
      "expression": "frac(warp(abs(z), log(x), frac(frac(_or(abs(sqrt(scalar(-0.863475860241238))), min(cos(_if(neg(abs(tan(cos(sqrt(y))))), sqrt(y), cos(warp(_and(neg(add(scalar(-0.08120167645961374), y)), log(div(scalar(-0.34194541204316886), y))), sub(scalar(0.11515385255646815), cos(warp(x, x, z, scalar(0.69624131233086)))), warp(scalar(0.8804468920288095), sqrt(abs(y)), mdist(div(scalar(0.2703843226659599), z), warp(scalar(0.33054170539835903), scalar(-0.4607379111484544), x, scalar(-0.3106929514851464))), y), mdist(warp(cos(z), _if(scalar(-0.9849583588864836), scalar(-0.7653244377176616), z), tan(z), sub(scalar(0.26951139985518613), scalar(-0.9162521102540444))), max(mdist(x, scalar(0.4081985368044241)), warp(scalar(-0.08731732291847516), x, scalar(0.8606334232641368), scalar(-0.40736577918544925)))))))), max(y, scalar(0.44704615112933954)))))), sqrt(cos(xor(sin(mult(scalar(-0.4005143464731009), x)), log(z))))))",
      "fitness": 1.0072215055785134,
      "depth": 13,
      "nodes": 91,
      "selected": false
    },
    {
      "index": 7,
      "expression": "frac(warp(abs(z), log(x), frac(frac(neg(mdist(_or(scalar(0.12355070724354955), xor(xor(frac(x), cos(x)), sub(tan(scalar(-0.7841807725749805)), abs(scalar(0.6267080261344016))))), _if(x, pow(cos(mult(log(scalar(-0.08958333771846116)), log(x))), div(_and(sqrt(mdist(mdist(scalar(-0.41115313822806576), scalar(0.789833262309068)), mult(z, scalar(-0.33708657747564863)))), sub(div(scalar(0.8441438505192389), min(z, scalar(-0.45064976574774906))), y)), _and(neg(z), neg(log(y))))), scalar(0.5502397852399479)))))), sqrt(cos(xor(sin(mult(scalar(-0.4005143464731009), x)), log(z))))))",
      "fitness": 0.002201531290519069,
      "depth": 13,
      "nodes": 65,
      "selected": false
    },
    {
      "index": 8,
      "expression": "frac(xor(warp(neg(_or(_if(_and(z, x), tan(scalar(0.02217751637666754)), pow(y, z)), cos(_or(x, scalar(0.1917392933352129))))), sqrt(neg(sqrt(scalar(-0.7145467385073756)))), max(log(scalar(0.49720363289477243)), _and(add(_and(x, scalar(0.7504485134647318)), warp(z, x, scalar(0.6002075360621197), z)), scalar(-0.30187264979313166))), sin(scalar(-0.3790691602788101))), scalar(0.2643680935602588)))",
      "fitness": 0.0021998762168785884,
      "depth": 7,
      "nodes": 39,
      "selected": true
    },
    {
      "index": 9,
      "expression": "frac(xor(warp(neg(_or(_if(_and(z, x), tan(scalar(0.02217751637666754)), pow(y, z)), _or(x, scalar(0.1917392933352129)))), sqrt(warp(sqrt(scalar(-0.7145467385073756)), abs(pow(tan(x), scalar(0.3319097988016504))), z, add(neg(y), scalar(0.9082461338847103)))), max(log(scalar(0.49720363289477243)), _and(add(max(x, scalar(0.7504485134647318)), warp(z, x, scalar(0.6002075360621197), z)), scalar(-0.30187264979313166))), sin(scalar(-0.3790691602788101))), scalar(0.2643680935602588)))",
      "fitness": 0.008787737459874007,
      "depth": 8,
      "nodes": 48,
      "selected": false
    },
    {
      "index": 10,
      "expression": "frac(xor(warp(neg(_or(_if(_and(z, x), tan(scalar(0.02217751637666754)), pow(y, z)), _or(x, scalar(0.1917392933352129)))), sqrt(warp(_or(scalar(-0.7145467385073756), y), abs(pow(tan(x), scalar(0.3319097988016504))), z, add(neg(y), scalar(0.9082461338847103)))), max(log(scalar(0.49720363289477243)), _and(add(_and(x, scalar(0.7504485134647318)), warp(z, x, scalar(0.6002075360621197), z)), scalar(-0.30187264979313166))), sin(scalar(-0.3790691602788101))), scalar(0.2643680935602588)))",